Sampling,Model,Metric,Trial 0,Trial 1,Trial 2,Trial 3,Trial 4,Trial 5,Trial 6,Trial 7,Trial 8,Trial 9,Avg_Acc,Std_dev_Acc,Avg_Precision,Std_dev Precision,Avg_recall,std_dev recall,average_f1,std_dev f1
,,,,,,,,,,,,,,,,,,,,
STANDARD,KNN,accuracy,0.912017167,0.894849785,0.891630901,0.88304721,0.889484979,0.891630901,0.908798283,0.903433476,0.893776824,0.894849785,0.896351931,0.008546055,0.902707295,0.009816031,0.991914977,0.003605999,0.945176872,0.004973042
,,,,,,,,,,,,,,,,,,,,
STANDARD,KNN,TP,846,832,830,820,828,830,844,838,830,832,,,,,,,,
,,,,,,,,,,,,,,,,,,,,
STANDARD,KNN,FN,9,5,9,11,4,5,6,11,6,2,,,,,,,,
,,,,,,,,,,,,,,,,,,,,
STANDARD,KNN,FP,73,93,92,98,99,96,79,79,93,96,,,,,,,,
,,,,,,,,,,,,,,,,,,,,
STANDARD,KNN,TN,4,2,1,3,1,1,3,4,3,2,,,,,,,,
,,,,,,,,,,,,,,,,,,,,
STANDARD,KNN,precision,0.920565832,0.899459459,0.90021692,0.893246187,0.893203883,0.896328294,0.914409534,0.913849509,0.899241603,0.896551724,,,,,,,,
,,,,,,,,,,,,,,,,,,,,
STANDARD,KNN,recall,0.989473684,0.994026284,0.989272944,0.986762936,0.995192308,0.994011976,0.992941176,0.987043581,0.992822967,0.997601918,,,,,,,,
,,,,,,,,,,,,,,,,,,,,
STANDARD,KNN,f1,0.953776776,0.944381385,0.942646224,0.937678674,0.941444002,0.942646224,0.952058658,0.949037373,0.943718022,0.944381385,,,,,,,,
,,,,,,,,,,,,,,,,,,,,
STANDARD,ID3 (Underfitting),accuracy,0.917381974,0.89806867,0.900214592,0.891630901,0.892703863,0.895922747,0.912017167,0.910944206,0.896995708,0.894849785,0.901072961,0.008567581,0.901072961,0.009031024,1,0,0.947941228,0.004981055
,,,,,,,,,,,,,,,,,,,,
STANDARD,ID3 (Underfitting),TP,855,837,839,831,832,835,850,849,836,834,,,,,,,,
,,,,,,,,,,,,,,,,,,,,
STANDARD,ID3 (Underfitting),FN,0,0,0,0,0,0,0,0,0,0,,,,,,,,
,,,,,,,,,,,,,,,,,,,,
STANDARD,ID3 (Underfitting),FP,77,95,93,101,100,97,82,83,96,98,,,,,,,,
,,,,,,,,,,,,,,,,,,,,
STANDARD,ID3 (Underfitting),TN,0,0,0,0,0,0,0,0,0,0,,,,,,,,
,,,,,,,,,,,,,,,,,,,,
STANDARD,ID3 (Underfitting),precision,0.917381974,0.89806867,0.900214592,0.891630901,0.892703863,0.895922747,0.912017167,0.910944206,0.896995708,0.894849785,,,,,,,,
,,,,,,,,,,,,,,,,,,,,
STANDARD,ID3 (Underfitting),recall,1,1,1,1,1,1,1,1,1,1,,,,,,,,
,,,,,,,,,,,,,,,,,,,,
STANDARD,ID3 (Underfitting),f1,0.956911024,0.946297343,0.947487295,0.942711288,0.943310658,0.945104697,0.953984287,0.953396968,0.945701357,0.944507361,,,,,,,,
,,,,,,,,,,,,,,,,,,,,
STANDARD,ID3,accuracy,0.871244635,0.857296137,0.862660944,0.837982833,0.845493562,0.837982833,0.873390558,0.873390558,0.858369099,0.858369099,0.857618026,0.012759221,0.919026238,0.010195917,0.917462174,0.009023531,0.918199118,0.006849639
,,,,,,,,,,,,,,,,,,,,
STANDARD,ID3,TP,786,776,783,761,764,752,780,780,766,757,,,,,,,,
,,,,,,,,,,,,,,,,,,,,
STANDARD,ID3,FN,69,61,56,70,68,83,70,69,70,77,,,,,,,,
,,,,,,,,,,,,,,,,,,,,
STANDARD,ID3,FP,51,70,78,73,77,71,59,59,71,70,,,,,,,,
,,,,,,,,,,,,,,,,,,,,
STANDARD,ID3,TN,26,25,15,28,23,26,23,24,25,28,,,,,,,,
,,,,,,,,,,,,,,,,,,,,
STANDARD,ID3,precision,0.9390681,0.917257683,0.909407666,0.912470024,0.908442331,0.913730255,0.929678188,0.929678188,0.915173238,0.915356711,,,,,,,,
,,,,,,,,,,,,,,,,,,,,
STANDARD,ID3,recall,0.919298246,0.927120669,0.933253874,0.91576414,0.918269231,0.900598802,0.917647059,0.918727915,0.916267943,0.907673861,,,,,,,,
,,,,,,,,,,,,,,,,,,,,
STANDARD,ID3,f1,0.929078014,0.922162805,0.921176471,0.914114114,0.913329348,0.907117008,0.923623446,0.924170616,0.915720263,0.911499097,,,,,,,,
,,,,,,,,,,,,,,,,,,,,
STANDARD,ID3 (Overfitting),accuracy,0.871244635,0.85944206,0.856223176,0.846566524,0.844420601,0.834763948,0.861587983,0.862660944,0.848712446,0.842274678,0.8527897,0.010641267,0.919026238,0.010195917,0.917462174,0.009023531,0.918199118,0.006849639
,,,,,,,,,,,,,,,,,,,,
STANDARD,ID3 (Overfitting),TP,786,776,783,761,764,752,780,780,766,757,,,,,,,,
,,,,,,,,,,,,,,,,,,,,
STANDARD,ID3 (Overfitting),FN,69,61,56,70,68,83,70,69,70,77,,,,,,,,
,,,,,,,,,,,,,,,,,,,,
STANDARD,ID3 (Overfitting),FP,51,70,78,73,77,71,59,59,71,70,,,,,,,,
,,,,,,,,,,,,,,,,,,,,
STANDARD,ID3 (Overfitting),TN,26,25,15,28,23,26,23,24,25,28,,,,,,,,
,,,,,,,,,,,,,,,,,,,,
STANDARD,ID3 (Overfitting),precision,0.9390681,0.917257683,0.909407666,0.912470024,0.908442331,0.913730255,0.929678188,0.929678188,0.915173238,0.915356711,,,,,,,,
,,,,,,,,,,,,,,,,,,,,
STANDARD,ID3 (Overfitting),recall,0.919298246,0.927120669,0.933253874,0.91576414,0.918269231,0.900598802,0.917647059,0.918727915,0.916267943,0.907673861,,,,,,,,
,,,,,,,,,,,,,,,,,,,,
STANDARD,ID3 (Overfitting),f1,0.929078014,0.922162805,0.921176471,0.914114114,0.913329348,0.907117008,0.923623446,0.924170616,0.915720263,0.911499097,,,,,,,,
,,,,,,,,,,,,,,,,,,,,
STANDARD,CART,accuracy,0.869098712,0.876609442,0.865879828,0.841201717,0.849785408,0.845493562,0.854077253,0.875536481,0.86695279,0.862660944,0.860729614,0.011781096,0.920703647,0.010895299,0.925249567,0.015633853,0.922850946,0.007594595
,,,,,,,,,,,,,,,,,,,,
STANDARD,CART,TP,786,792,790,756,768,756,768,787,784,783,,,,,,,,
,,,,,,,,,,,,,,,,,,,,
STANDARD,CART,FN,69,45,49,75,64,79,82,62,52,51,,,,,,,,
,,,,,,,,,,,,,,,,,,,,
STANDARD,CART,FP,53,70,76,73,76,65,54,54,72,77,,,,,,,,
,,,,,,,,,,,,,,,,,,,,
STANDARD,CART,TN,24,25,17,28,24,32,28,29,24,21,,,,,,,,
,,,,,,,,,,,,,,,,,,,,
STANDARD,CART,precision,0.936829559,0.918793503,0.912240185,0.911942099,0.909952607,0.920828258,0.934306569,0.935790725,0.91588785,0.910465116,,,,,,,,
,,,,,,,,,,,,,,,,,,,,
STANDARD,CART,recall,0.919298246,0.946236559,0.941597139,0.909747292,0.923076923,0.905389222,0.903529412,0.926972909,0.937799043,0.938848921,,,,,,,,
,,,,,,,,,,,,,,,,,,,,
STANDARD,CART,f1,0.92798111,0.932313125,0.926686217,0.910843373,0.91646778,0.913043478,0.918660287,0.931360947,0.926713948,0.924439197,,,,,,,,
,,,,,,,,,,,,,,,,,,,,
STANDARD,Naive Bayes,accuracy,0.917381974,0.89806867,0.136266094,0.137339056,0.892703863,0.895922747,0.912017167,0.910944206,0.896995708,0.894849785,0.749248927,0.306326263,0.898020603,0.033803433,0.808502615,0.403711977,0.775140329,0.365823533
,,,,,,,,,,,,,,,,,,,,
STANDARD,Naive Bayes,TP,855,837,36,35,832,835,850,849,836,834,,,,,,,,
,,,,,,,,,,,,,,,,,,,,
STANDARD,Naive Bayes,FN,0,0,803,796,0,0,0,0,0,0,,,,,,,,
,,,,,,,,,,,,,,,,,,,,
STANDARD,Naive Bayes,FP,77,95,2,8,100,97,82,83,96,98,,,,,,,,
,,,,,,,,,,,,,,,,,,,,
STANDARD,Naive Bayes,TN,0,0,91,93,0,0,0,0,0,0,,,,,,,,
,,,,,,,,,,,,,,,,,,,,
STANDARD,Naive Bayes,precision,0.917381974,0.89806867,0.947368421,0.813953488,0.892703863,0.895922747,0.912017167,0.910944206,0.896995708,0.894849785,,,,,,,,
,,,,,,,,,,,,,,,,,,,,
STANDARD,Naive Bayes,recall,1,1,0.042908224,0.04211793,1,1,1,1,1,1,,,,,,,,
,,,,,,,,,,,,,,,,,,,,
STANDARD,Naive Bayes,f1,0.956911024,0.946297343,0.082098062,0.080091533,0.943310658,0.945104697,0.953984287,0.953396968,0.945701357,0.944507361,,,,,,,,
,,,,,,,,,,,,,,,,,,,,
STANDARD,RBF Kernel SVC,accuracy,0.917381974,0.89806867,0.900214592,0.891630901,0.892703863,0.895922747,0.912017167,0.910944206,0.896995708,0.894849785,0.901072961,0.008567581,0.901072961,0.009031024,1,0,0.947941228,0.004981055
,,,,,,,,,,,,,,,,,,,,
STANDARD,RBF Kernel SVC,TP,855,837,839,831,832,835,850,849,836,834,,,,,,,,
,,,,,,,,,,,,,,,,,,,,
STANDARD,RBF Kernel SVC,FN,0,0,0,0,0,0,0,0,0,0,,,,,,,,
,,,,,,,,,,,,,,,,,,,,
STANDARD,RBF Kernel SVC,FP,77,95,93,101,100,97,82,83,96,98,,,,,,,,
,,,,,,,,,,,,,,,,,,,,
STANDARD,RBF Kernel SVC,TN,0,0,0,0,0,0,0,0,0,0,,,,,,,,
,,,,,,,,,,,,,,,,,,,,
STANDARD,RBF Kernel SVC,precision,0.917381974,0.89806867,0.900214592,0.891630901,0.892703863,0.895922747,0.912017167,0.910944206,0.896995708,0.894849785,,,,,,,,
,,,,,,,,,,,,,,,,,,,,
STANDARD,RBF Kernel SVC,recall,1,1,1,1,1,1,1,1,1,1,,,,,,,,
,,,,,,,,,,,,,,,,,,,,
STANDARD,RBF Kernel SVC,f1,0.956911024,0.946297343,0.947487295,0.942711288,0.943310658,0.945104697,0.953984287,0.953396968,0.945701357,0.944507361,,,,,,,,
,,,,,,,,,,,,,,,,,,,,
STANDARD,Random Forest,accuracy,0.91416309,0.891630901,0.899141631,0.884120172,0.888412017,0.892703863,0.908798283,0.900214592,0.89055794,0.896995708,0.89667382,0.008809398,0.903609833,0.009718286,0.991079148,0.004024974,0.945292744,0.005133313
,,,,,,,,,,,,,,,,,,,,
STANDARD,Random Forest,TP,846,830,836,820,826,828,844,835,827,831,,,,,,,,
,,,,,,,,,,,,,,,,,,,,
STANDARD,Random Forest,FN,9,7,3,11,6,7,6,14,9,3,,,,,,,,
,,,,,,,,,,,,,,,,,,,,
STANDARD,Random Forest,FP,71,94,91,97,98,93,79,79,93,93,,,,,,,,
,,,,,,,,,,,,,,,,,,,,
STANDARD,Random Forest,TN,6,1,2,4,2,4,3,4,3,5,,,,,,,,
,,,,,,,,,,,,,,,,,,,,
STANDARD,Random Forest,precision,0.92257361,0.898268398,0.901833873,0.894220284,0.893939394,0.899022801,0.914409534,0.91356674,0.898913043,0.899350649,,,,,,,,
,,,,,,,,,,,,,,,,,,,,
STANDARD,Random Forest,recall,0.989473684,0.991636798,0.996424315,0.986762936,0.992788462,0.991616766,0.992941176,0.983510012,0.98923445,0.996402878,,,,,,,,
,,,,,,,,,,,,,,,,,,,,
STANDARD,Random Forest,f1,0.954853273,0.942646224,0.946772367,0.938215103,0.940774487,0.943052392,0.952058658,0.947249007,0.94191344,0.945392491,,,,,,,,
,,,,,,,,,,,,,,,,,,,,
STANDARD,AdaBoost,accuracy,0.889484979,0.894849785,0.891630901,0.878755365,0.869098712,0.871244635,0.893776824,0.892703863,0.879828326,0.876609442,0.883798283,0.009280341,0.916720019,0.009092247,0.95809817,0.007239067,0.93691739,0.005636431
,,,,,,,,,,,,,,,,,,,,
STANDARD,AdaBoost,TP,811,813,811,797,790,794,814,814,801,801,,,,,,,,
,,,,,,,,,,,,,,,,,,,,
STANDARD,AdaBoost,FN,44,24,28,34,42,41,36,35,35,33,,,,,,,,
,,,,,,,,,,,,,,,,,,,,
STANDARD,AdaBoost,FP,59,74,73,79,80,79,63,65,77,82,,,,,,,,
,,,,,,,,,,,,,,,,,,,,
STANDARD,AdaBoost,TN,18,21,20,22,20,18,19,18,19,16,,,,,,,,
,,,,,,,,,,,,,,,,,,,,
STANDARD,AdaBoost,precision,0.932183908,0.916572717,0.917420814,0.909817352,0.908045977,0.909507446,0.928164196,0.926052332,0.912300683,0.907134768,,,,,,,,
,,,,,,,,,,,,,,,,,,,,
STANDARD,AdaBoost,recall,0.948538012,0.971326165,0.966626937,0.959085439,0.949519231,0.950898204,0.957647059,0.958775029,0.958133971,0.960431655,,,,,,,,
,,,,,,,,,,,,,,,,,,,,
STANDARD,AdaBoost,f1,0.940289855,0.943155452,0.941381312,0.933801992,0.928319624,0.929742389,0.942675159,0.94212963,0.934655776,0.933022714,,,,,,,,
,,,,,,,,,,,,,,,,,,,,
STANDARD,MLP,accuracy,0.917381974,0.896995708,0.807939914,0.880901288,0.892703863,0.625536481,0.819742489,0.903433476,0.873390558,0.519313305,0.813733906,0.127357577,0.903063857,0.010843122,0.887896476,0.166978816,0.887376936,0.098471765
,,,,,,,,,,,,,,,,,,,,
STANDARD,MLP,TP,855,836,736,818,832,541,748,840,813,441,,,,,,,,
,,,,,,,,,,,,,,,,,,,,
STANDARD,MLP,FN,0,1,103,13,0,294,102,9,23,393,,,,,,,,
,,,,,,,,,,,,,,,,,,,,
STANDARD,MLP,FP,77,95,76,98,100,55,66,81,95,55,,,,,,,,
,,,,,,,,,,,,,,,,,,,,
STANDARD,MLP,TN,0,0,17,3,0,42,16,2,1,43,,,,,,,,
,,,,,,,,,,,,,,,,,,,,
STANDARD,MLP,precision,0.917381974,0.897959184,0.906403941,0.8930131,0.892703863,0.907718121,0.918918919,0.912052117,0.895374449,0.889112903,,,,,,,,
,,,,,,,,,,,,,,,,,,,,
STANDARD,MLP,recall,1,0.998805257,0.877234803,0.984356197,1,0.647904192,0.88,0.989399293,0.972488038,0.528776978,,,,,,,,
,,,,,,,,,,,,,,,,,,,,
STANDARD,MLP,f1,0.956911024,0.945701357,0.89158086,0.936462507,0.943310658,0.756114605,0.899038462,0.949152542,0.93233945,0.663157895,,,,,,,,
,,,,,,,,,,,,,,,,,,,,
UNDER,KNN,accuracy,0.394849785,0.392703863,0.376609442,0.39055794,0.387339056,0.405579399,0.402360515,0.358369099,0.369098712,0.376609442,0.385407725,0.014208537,0.912311435,0.014909246,0.35279097,0.017706619,0.50852694,0.018096208
,,,,,,,,,,,,,,,,,,,,
UNDER,KNN,TP,301,303,293,290,296,320,320,277,282,284,,,,,,,,
,,,,,,,,,,,,,,,,,,,,
UNDER,KNN,FN,532,528,551,538,539,527,531,575,570,551,,,,,,,,
,,,,,,,,,,,,,,,,,,,,
UNDER,KNN,FP,32,38,30,30,32,27,26,23,18,30,,,,,,,,
,,,,,,,,,,,,,,,,,,,,
UNDER,KNN,TN,67,63,58,74,65,58,55,57,62,67,,,,,,,,
,,,,,,,,,,,,,,,,,,,,
UNDER,KNN,precision,0.903903904,0.88856305,0.907120743,0.90625,0.902439024,0.922190202,0.924855491,0.923333333,0.94,0.904458599,,,,,,,,
,,,,,,,,,,,,,,,,,,,,
UNDER,KNN,recall,0.361344538,0.364620939,0.347156398,0.350241546,0.354491018,0.377804014,0.376028202,0.325117371,0.330985915,0.34011976,,,,,,,,
,,,,,,,,,,,,,,,,,,,,
UNDER,KNN,f1,0.516295026,0.517064846,0.502142245,0.505226481,0.509028375,0.5360134,0.534670008,0.480902778,0.489583333,0.494342907,,,,,,,,
,,,,,,,,,,,,,,,,,,,,
UNDER,ID3 (Underfitting),accuracy,0.673819742,0.598712446,0.689914163,0.682403433,0.683476395,0.630901288,0.568669528,0.556866953,0.572961373,0.388412017,0.604613734,0.087394993,0.962541945,0.013784159,0.584034572,0.103485817,0.72202767,0.089068676
,,,,,,,,,,,,,,,,,,,,
UNDER,ID3 (Underfitting),TP,562,471,572,552,559,523,460,455,469,286,,,,,,,,
,,,,,,,,,,,,,,,,,,,,
UNDER,ID3 (Underfitting),FN,271,360,272,276,276,324,391,397,383,549,,,,,,,,
,,,,,,,,,,,,,,,,,,,,
UNDER,ID3 (Underfitting),FP,33,14,17,20,19,20,11,16,15,21,,,,,,,,
,,,,,,,,,,,,,,,,,,,,
UNDER,ID3 (Underfitting),TN,66,87,71,84,78,65,70,64,65,76,,,,,,,,
,,,,,,,,,,,,,,,,,,,,
UNDER,ID3 (Underfitting),precision,0.944537815,0.971134021,0.971137521,0.965034965,0.967128028,0.963167587,0.976645435,0.966029724,0.969008264,0.931596091,,,,,,,,
,,,,,,,,,,,,,,,,,,,,
UNDER,ID3 (Underfitting),recall,0.674669868,0.566787004,0.677725118,0.666666667,0.669461078,0.617473436,0.540540541,0.534037559,0.550469484,0.34251497,,,,,,,,
,,,,,,,,,,,,,,,,,,,,
UNDER,ID3 (Underfitting),f1,0.787114846,0.715805471,0.798325192,0.788571429,0.791224345,0.752517986,0.69591528,0.687830688,0.702095808,0.500875657,,,,,,,,
,,,,,,,,,,,,,,,,,,,,
UNDER,ID3,accuracy,0.518240343,0.486051502,0.525751073,0.533261803,0.563304721,0.496781116,0.5472103,0.478540773,0.472103004,0.496781116,0.511802575,0.028981876,0.940729588,0.010933739,0.486757486,0.04458418,0.640436671,0.039380678
,,,,,,,,,,,,,,,,,,,,
UNDER,ID3,TP,427,412,428,428,454,350,455,389,369,379,,,,,,,,
,,,,,,,,,,,,,,,,,,,,
UNDER,ID3,FN,406,419,416,400,381,497,396,463,483,456,,,,,,,,
,,,,,,,,,,,,,,,,,,,,
UNDER,ID3,FP,36,33,23,26,24,20,24,24,19,29,,,,,,,,
,,,,,,,,,,,,,,,,,,,,
UNDER,ID3,TN,63,68,65,78,73,65,57,56,61,68,,,,,,,,
,,,,,,,,,,,,,,,,,,,,
UNDER,ID3,precision,0.92224622,0.925842697,0.949002217,0.942731278,0.949790795,0.945945946,0.949895616,0.94188862,0.951030928,0.928921569,,,,,,,,
,,,,,,,,,,,,,,,,,,,,
UNDER,ID3,recall,0.512605042,0.495788207,0.507109005,0.516908213,0.543712575,0.41322314,0.5346651,0.45657277,0.433098592,0.453892216,,,,,,,,
,,,,,,,,,,,,,,,,,,,,
UNDER,ID3,f1,0.658950617,0.645768025,0.661003861,0.667706708,0.691546078,0.575184881,0.684210526,0.615019763,0.59516129,0.609814964,,,,,,,,
,,,,,,,,,,,,,,,,,,,,
UNDER,ID3 (Overfitting),accuracy,0.525751073,0.515021459,0.528969957,0.542918455,0.565450644,0.44527897,0.549356223,0.477467811,0.461373391,0.479613734,0.509120172,0.038558745,0.940729588,0.010933739,0.486757486,0.04458418,0.640436671,0.039380678
,,,,,,,,,,,,,,,,,,,,
UNDER,ID3 (Overfitting),TP,427,412,428,428,454,350,455,389,369,379,,,,,,,,
,,,,,,,,,,,,,,,,,,,,
UNDER,ID3 (Overfitting),FN,406,419,416,400,381,497,396,463,483,456,,,,,,,,
,,,,,,,,,,,,,,,,,,,,
UNDER,ID3 (Overfitting),FP,36,33,23,26,24,20,24,24,19,29,,,,,,,,
,,,,,,,,,,,,,,,,,,,,
UNDER,ID3 (Overfitting),TN,63,68,65,78,73,65,57,56,61,68,,,,,,,,
,,,,,,,,,,,,,,,,,,,,
UNDER,ID3 (Overfitting),precision,0.92224622,0.925842697,0.949002217,0.942731278,0.949790795,0.945945946,0.949895616,0.94188862,0.951030928,0.928921569,,,,,,,,
,,,,,,,,,,,,,,,,,,,,
UNDER,ID3 (Overfitting),recall,0.512605042,0.495788207,0.507109005,0.516908213,0.543712575,0.41322314,0.5346651,0.45657277,0.433098592,0.453892216,,,,,,,,
,,,,,,,,,,,,,,,,,,,,
UNDER,ID3 (Overfitting),f1,0.658950617,0.645768025,0.661003861,0.667706708,0.691546078,0.575184881,0.684210526,0.615019763,0.59516129,0.609814964,,,,,,,,
,,,,,,,,,,,,,,,,,,,,
UNDER,CART,accuracy,0.462446352,0.512875536,0.494635193,0.478540773,0.519313305,0.473175966,0.55472103,0.439914163,0.47639485,0.532188841,0.494420601,0.033233409,0.9387948,0.014211167,0.470180493,0.037585271,0.625815754,0.03439985
,,,,,,,,,,,,,,,,,,,,
UNDER,CART,TP,371,408,400,363,413,382,456,350,385,425,,,,,,,,
,,,,,,,,,,,,,,,,,,,,
UNDER,CART,FN,462,423,444,465,422,465,395,502,467,410,,,,,,,,
,,,,,,,,,,,,,,,,,,,,
UNDER,CART,FP,39,31,27,21,26,26,20,20,21,26,,,,,,,,
,,,,,,,,,,,,,,,,,,,,
UNDER,CART,TN,60,70,61,83,71,59,61,60,59,71,,,,,,,,
,,,,,,,,,,,,,,,,,,,,
UNDER,CART,precision,0.904878049,0.929384966,0.93676815,0.9453125,0.940774487,0.93627451,0.957983193,0.945945946,0.948275862,0.942350333,,,,,,,,
,,,,,,,,,,,,,,,,,,,,
UNDER,CART,recall,0.445378151,0.490974729,0.473933649,0.438405797,0.494610778,0.451003542,0.535840188,0.410798122,0.451877934,0.508982036,,,,,,,,
,,,,,,,,,,,,,,,,,,,,
UNDER,CART,f1,0.59694288,0.642519685,0.629425649,0.599009901,0.648351648,0.60876494,0.687264506,0.572831424,0.612082671,0.66096423,,,,,,,,
,,,,,,,,,,,,,,,,,,,,
UNDER,Naive Bayes,accuracy,0.53111588,0.774678112,0.745708155,0.488197425,0.771459227,0.756437768,0.552575107,0.762875536,0.717811159,0.502145923,0.660300429,0.117783794,0.905034391,0.012317178,0.695354614,0.153283412,0.777897433,0.103925916
,,,,,,,,,,,,,,,,,,,,
UNDER,Naive Bayes,TP,451,706,679,397,693,690,473,694,645,423,,,,,,,,
,,,,,,,,,,,,,,,,,,,,
UNDER,Naive Bayes,FN,382,125,165,431,142,157,378,158,207,412,,,,,,,,
,,,,,,,,,,,,,,,,,,,,
UNDER,Naive Bayes,FP,55,85,72,46,71,70,39,63,56,52,,,,,,,,
,,,,,,,,,,,,,,,,,,,,
UNDER,Naive Bayes,TN,44,16,16,58,26,15,42,17,24,45,,,,,,,,
,,,,,,,,,,,,,,,,,,,,
UNDER,Naive Bayes,precision,0.891304348,0.892541087,0.90412783,0.896162528,0.907068063,0.907894737,0.923828125,0.91677675,0.920114123,0.890526316,,,,,,,,
,,,,,,,,,,,,,,,,,,,,
UNDER,Naive Bayes,recall,0.541416567,0.849578821,0.80450237,0.479468599,0.82994012,0.814639906,0.555816686,0.814553991,0.757042254,0.506586826,,,,,,,,
,,,,,,,,,,,,,,,,,,,,
UNDER,Naive Bayes,f1,0.673637043,0.87053021,0.851410658,0.624704957,0.866791745,0.858742999,0.694057227,0.862647607,0.830650354,0.645801527,,,,,,,,
,,,,,,,,,,,,,,,,,,,,
UNDER,RBF Kernel SVC,accuracy,0.699570815,0.778969957,0.826180258,0.700643777,0.796137339,0.799356223,0.714592275,0.805793991,0.821888412,0.675965665,0.761909871,0.054574511,0.901589548,0.011128382,0.825473589,0.065446999,0.860814889,0.039327444
,,,,,,,,,,,,,,,,,,,,
UNDER,RBF Kernel SVC,TP,631,711,760,625,729,737,650,737,754,609,,,,,,,,
,,,,,,,,,,,,,,,,,,,,
UNDER,RBF Kernel SVC,FN,202,120,84,203,106,110,201,115,98,226,,,,,,,,
,,,,,,,,,,,,,,,,,,,,
UNDER,RBF Kernel SVC,FP,78,86,78,76,84,77,65,66,68,76,,,,,,,,
,,,,,,,,,,,,,,,,,,,,
UNDER,RBF Kernel SVC,TN,21,15,10,28,13,8,16,14,12,21,,,,,,,,
,,,,,,,,,,,,,,,,,,,,
UNDER,RBF Kernel SVC,precision,0.889985896,0.892095358,0.906921241,0.891583452,0.896678967,0.905405405,0.909090909,0.917808219,0.917274939,0.889051095,,,,,,,,
,,,,,,,,,,,,,,,,,,,,
UNDER,RBF Kernel SVC,recall,0.757503001,0.855595668,0.900473934,0.754830918,0.873053892,0.87012987,0.763807286,0.865023474,0.884976526,0.729341317,,,,,,,,
,,,,,,,,,,,,,,,,,,,,
UNDER,RBF Kernel SVC,f1,0.818417639,0.873464373,0.903686088,0.817527796,0.884708738,0.887417219,0.830140485,0.890634441,0.90083632,0.801315789,,,,,,,,
,,,,,,,,,,,,,,,,,,,,
UNDER,Random Forest,accuracy,0.474248927,0.465665236,0.473175966,0.428111588,0.436695279,0.431330472,0.46888412,0.417381974,0.436695279,0.431330472,0.446351931,0.020465174,0.953776117,0.012072673,0.406250616,0.028887037,0.569110068,0.026766397
,,,,,,,,,,,,,,,,,,,,
UNDER,Random Forest,TP,370,350,379,304,327,332,370,324,340,320,,,,,,,,
,,,,,,,,,,,,,,,,,,,,
UNDER,Random Forest,FN,463,481,465,524,508,515,481,528,512,515,,,,,,,,
,,,,,,,,,,,,,,,,,,,,
UNDER,Random Forest,FP,27,17,26,9,17,15,14,15,13,15,,,,,,,,
,,,,,,,,,,,,,,,,,,,,
UNDER,Random Forest,TN,72,84,62,95,80,70,67,65,67,82,,,,,,,,
,,,,,,,,,,,,,,,,,,,,
UNDER,Random Forest,precision,0.931989924,0.953678474,0.935802469,0.971246006,0.950581395,0.956772334,0.963541667,0.955752212,0.963172805,0.955223881,,,,,,,,
,,,,,,,,,,,,,,,,,,,,
UNDER,Random Forest,recall,0.444177671,0.421179302,0.449052133,0.367149758,0.391616766,0.391971665,0.434782609,0.38028169,0.399061033,0.383233533,,,,,,,,
,,,,,,,,,,,,,,,,,,,,
UNDER,Random Forest,f1,0.601626016,0.584307179,0.606885508,0.532865907,0.554707379,0.556113903,0.599190283,0.544080605,0.564315353,0.547008547,,,,,,,,
,,,,,,,,,,,,,,,,,,,,
UNDER,AdaBoost,accuracy,0.460300429,0.49248927,0.479613734,0.433476395,0.456008584,0.489270386,0.527896996,0.47639485,0.481759657,0.443133047,0.474034335,0.025852803,0.946661827,0.01424634,0.4416069,0.034431432,0.601569426,0.03304667
,,,,,,,,,,,,,,,,,,,,
UNDER,AdaBoost,TP,361,386,383,313,348,388,427,383,386,340,,,,,,,,
,,,,,,,,,,,,,,,,,,,,
UNDER,AdaBoost,FN,472,445,461,515,487,459,424,469,466,495,,,,,,,,
,,,,,,,,,,,,,,,,,,,,
UNDER,AdaBoost,FP,31,28,24,13,20,17,16,19,17,24,,,,,,,,
,,,,,,,,,,,,,,,,,,,,
UNDER,AdaBoost,TN,68,73,64,91,77,68,65,61,63,73,,,,,,,,
,,,,,,,,,,,,,,,,,,,,
UNDER,AdaBoost,precision,0.920918367,0.93236715,0.941031941,0.960122699,0.945652174,0.958024691,0.963882619,0.952736318,0.957816377,0.934065934,,,,,,,,
,,,,,,,,,,,,,,,,,,,,
UNDER,AdaBoost,recall,0.433373349,0.464500602,0.453791469,0.378019324,0.416766467,0.458087367,0.501762632,0.449530516,0.453051643,0.407185629,,,,,,,,
,,,,,,,,,,,,,,,,,,,,
UNDER,AdaBoost,f1,0.589387755,0.620080321,0.612310152,0.542461005,0.578553616,0.619808307,0.659969088,0.610845295,0.615139442,0.567139283,,,,,,,,
,,,,,,,,,,,,,,,,,,,,
UNDER,MLP,accuracy,0.243562232,0.32832618,0.75751073,0.151287554,0.591201717,0.228540773,0.583690987,0.306866953,0.135193133,0.103004292,0.342918455,0.212931989,0.835218719,0.295492317,0.299474284,0.278959203,0.433427563,0.279377521
,,,,,,,,,,,,,,,,,,,,
UNDER,MLP,TP,146,235,692,37,503,133,506,222,49,0,,,,,,,,
,,,,,,,,,,,,,,,,,,,,
UNDER,MLP,FN,687,596,152,791,332,714,345,630,803,835,,,,,,,,
,,,,,,,,,,,,,,,,,,,,
UNDER,MLP,FP,18,30,74,0,49,5,43,16,3,1,,,,,,,,
,,,,,,,,,,,,,,,,,,,,
UNDER,MLP,TN,81,71,14,104,48,80,38,64,77,96,,,,,,,,
,,,,,,,,,,,,,,,,,,,,
UNDER,MLP,precision,0.890243902,0.886792453,0.903394256,1,0.911231884,0.963768116,0.921675774,0.932773109,0.942307692,0,,,,,,,,
,,,,,,,,,,,,,,,,,,,,
UNDER,MLP,recall,0.175270108,0.282791817,0.819905213,0.04468599,0.60239521,0.157024793,0.594594595,0.26056338,0.057511737,0,,,,,,,,
,,,,,,,,,,,,,,,,,,,,
UNDER,MLP,f1,0.292878636,0.428832117,0.859627329,0.085549133,0.725306417,0.270050761,0.722857143,0.40733945,0.10840708,nan,,,,,,,,
,,,,,,,,,,,,,,,,,,,,
OVER,KNN,accuracy,0.730686695,0.725321888,0.701716738,0.684549356,0.72639485,0.707081545,0.703862661,0.704935622,0.710300429,0.710300429,0.710515021,0.013104193,0.915591031,0.007143393,0.748187276,0.014398551,0.823393392,0.009559736
,,,,,,,,,,,,,,,,,,,,
OVER,KNN,TP,650,642,632,609,639,623,618,627,621,631,,,,,,,,
,,,,,,,,,,,,,,,,,,,,
OVER,KNN,FN,196,199,220,242,203,212,209,211,211,215,,,,,,,,
,,,,,,,,,,,,,,,,,,,,
OVER,KNN,FP,55,57,58,52,52,61,67,64,59,55,,,,,,,,
,,,,,,,,,,,,,,,,,,,,
OVER,KNN,TN,31,34,22,29,38,36,38,30,41,31,,,,,,,,
,,,,,,,,,,,,,,,,,,,,
OVER,KNN,precision,0.921985816,0.918454936,0.915942029,0.921331316,0.924746744,0.910818713,0.902189781,0.907380608,0.913235294,0.919825073,,,,,,,,
,,,,,,,,,,,,,,,,,,,,
OVER,KNN,recall,0.768321513,0.763376932,0.741784038,0.715628672,0.758907363,0.746107784,0.747279323,0.748210024,0.746394231,0.745862884,,,,,,,,
,,,,,,,,,,,,,,,,,,,,
OVER,KNN,f1,0.838168923,0.833766234,0.819714656,0.805555556,0.833659491,0.820276498,0.817460317,0.820143885,0.821428571,0.823759791,,,,,,,,
,,,,,,,,,,,,,,,,,,,,
OVER,ID3 (Underfitting),accuracy,0.776824034,0.714592275,0.717811159,0.754291845,0.752145923,0.767167382,0.746781116,0.745708155,0.756437768,0.67167382,0.740343348,0.02932543,0.958721549,0.016725163,0.744974379,0.04034723,0.837637287,0.023335516
,,,,,,,,,,,,,,,,,,,,
OVER,ID3 (Underfitting),TP,657,600,606,650,632,645,623,625,667,559,,,,,,,,
,,,,,,,,,,,,,,,,,,,,
OVER,ID3 (Underfitting),FN,189,241,246,201,210,190,204,213,165,287,,,,,,,,
,,,,,,,,,,,,,,,,,,,,
OVER,ID3 (Underfitting),FP,19,25,17,28,21,27,32,24,62,19,,,,,,,,
,,,,,,,,,,,,,,,,,,,,
OVER,ID3 (Underfitting),TN,67,66,63,53,69,70,73,70,38,67,,,,,,,,
,,,,,,,,,,,,,,,,,,,,
OVER,ID3 (Underfitting),precision,0.971893491,0.96,0.972712681,0.958702065,0.967840735,0.959821429,0.951145038,0.963020031,0.914951989,0.967128028,,,,,,,,
,,,,,,,,,,,,,,,,,,,,
OVER,ID3 (Underfitting),recall,0.776595745,0.713436385,0.711267606,0.763807286,0.750593824,0.77245509,0.753325272,0.745823389,0.801682692,0.660756501,,,,,,,,
,,,,,,,,,,,,,,,,,,,,
OVER,ID3 (Underfitting),f1,0.863337714,0.818553888,0.821694915,0.850228908,0.84548495,0.856005309,0.840755735,0.840618695,0.854580397,0.78511236,,,,,,,,
,,,,,,,,,,,,,,,,,,,,
OVER,ID3,accuracy,0.832618026,0.841201717,0.842274678,0.821888412,0.840128755,0.836909871,0.837982833,0.836909871,0.824034335,0.860515021,0.837446352,0.010113764,0.922926805,0.007909066,0.894309615,0.011585812,0.90835057,0.007597631
,,,,,,,,,,,,,,,,,,,,
OVER,ID3,TP,763,747,759,746,759,752,750,744,731,770,,,,,,,,
,,,,,,,,,,,,,,,,,,,,
OVER,ID3,FN,83,94,93,105,83,83,77,94,101,76,,,,,,,,
,,,,,,,,,,,,,,,,,,,,
OVER,ID3,FP,65,59,58,60,57,67,74,63,71,54,,,,,,,,
,,,,,,,,,,,,,,,,,,,,
OVER,ID3,TN,21,32,22,21,33,30,31,31,29,32,,,,,,,,
,,,,,,,,,,,,,,,,,,,,
OVER,ID3,precision,0.921497585,0.926799007,0.929008568,0.925558313,0.930147059,0.918192918,0.910194175,0.921933086,0.911471322,0.934466019,,,,,,,,
,,,,,,,,,,,,,,,,,,,,
OVER,ID3,recall,0.901891253,0.8882283,0.89084507,0.876615746,0.901425178,0.900598802,0.906892382,0.887828162,0.878605769,0.910165485,,,,,,,,
,,,,,,,,,,,,,,,,,,,,
OVER,ID3,f1,0.911589008,0.907103825,0.909526663,0.90042245,0.915560917,0.909310762,0.908540279,0.904559271,0.894736842,0.922155689,,,,,,,,
,,,,,,,,,,,,,,,,,,,,
OVER,ID3 (Overfitting),accuracy,0.841201717,0.83583691,0.837982833,0.822961373,0.849785408,0.839055794,0.837982833,0.831545064,0.815450644,0.860515021,0.83723176,0.011967729,0.922926805,0.007909066,0.894309615,0.011585812,0.90835057,0.007597631
,,,,,,,,,,,,,,,,,,,,
OVER,ID3 (Overfitting),TP,763,747,759,746,759,752,750,744,731,770,,,,,,,,
,,,,,,,,,,,,,,,,,,,,
OVER,ID3 (Overfitting),FN,83,94,93,105,83,83,77,94,101,76,,,,,,,,
,,,,,,,,,,,,,,,,,,,,
OVER,ID3 (Overfitting),FP,65,59,58,60,57,67,74,63,71,54,,,,,,,,
,,,,,,,,,,,,,,,,,,,,
OVER,ID3 (Overfitting),TN,21,32,22,21,33,30,31,31,29,32,,,,,,,,
,,,,,,,,,,,,,,,,,,,,
OVER,ID3 (Overfitting),precision,0.921497585,0.926799007,0.929008568,0.925558313,0.930147059,0.918192918,0.910194175,0.921933086,0.911471322,0.934466019,,,,,,,,
,,,,,,,,,,,,,,,,,,,,
OVER,ID3 (Overfitting),recall,0.901891253,0.8882283,0.89084507,0.876615746,0.901425178,0.900598802,0.906892382,0.887828162,0.878605769,0.910165485,,,,,,,,
,,,,,,,,,,,,,,,,,,,,
OVER,ID3 (Overfitting),f1,0.911589008,0.907103825,0.909526663,0.90042245,0.915560917,0.909310762,0.908540279,0.904559271,0.894736842,0.922155689,,,,,,,,
,,,,,,,,,,,,,,,,,,,,
OVER,CART,accuracy,0.818669528,0.839055794,0.854077253,0.807939914,0.840128755,0.822961373,0.837982833,0.845493562,0.803648069,0.824034335,0.829399142,0.015681396,0.923587627,0.008632729,0.884097567,0.015357947,0.903348191,0.009928266
,,,,,,,,,,,,,,,,,,,,
OVER,CART,TP,740,750,770,727,746,739,744,752,722,745,,,,,,,,
,,,,,,,,,,,,,,,,,,,,
OVER,CART,FN,106,91,82,124,96,96,83,86,110,101,,,,,,,,
,,,,,,,,,,,,,,,,,,,,
OVER,CART,FP,63,59,54,55,53,69,68,58,73,63,,,,,,,,
,,,,,,,,,,,,,,,,,,,,
OVER,CART,TN,23,32,26,26,37,28,37,36,27,23,,,,,,,,
,,,,,,,,,,,,,,,,,,,,
OVER,CART,precision,0.921544209,0.927070457,0.934466019,0.929667519,0.933667084,0.91460396,0.916256158,0.928395062,0.908176101,0.922029703,,,,,,,,
,,,,,,,,,,,,,,,,,,,,
OVER,CART,recall,0.874704492,0.891795482,0.903755869,0.854289072,0.885985748,0.88502994,0.899637243,0.897374702,0.867788462,0.880614657,,,,,,,,
,,,,,,,,,,,,,,,,,,,,
OVER,CART,f1,0.897513645,0.909090909,0.918854415,0.890385793,0.909201706,0.89957395,0.907870653,0.912621359,0.887523049,0.900846433,,,,,,,,
,,,,,,,,,,,,,,,,,,,,
OVER,Naive Bayes,accuracy,0.097639485,0.108369099,0.146995708,0.118025751,0.118025751,0.129828326,0.144849785,0.123390558,0.135193133,0.113733906,0.12360515,0.014958482,0.928675694,0.042218275,0.031605345,0.017877953,0.060547341,0.033011514
,,,,,,,,,,,,,,,,,,,,
OVER,Naive Bayes,TP,5,10,61,33,22,28,34,23,28,22,,,,,,,,
,,,,,,,,,,,,,,,,,,,,
OVER,Naive Bayes,FN,841,831,791,818,820,807,793,815,804,824,,,,,,,,
,,,,,,,,,,,,,,,,,,,,
OVER,Naive Bayes,FP,0,0,4,4,2,4,4,2,2,2,,,,,,,,
,,,,,,,,,,,,,,,,,,,,
OVER,Naive Bayes,TN,86,91,76,77,88,93,101,92,98,84,,,,,,,,
,,,,,,,,,,,,,,,,,,,,
OVER,Naive Bayes,precision,1,1,0.938461538,0.891891892,0.916666667,0.875,0.894736842,0.92,0.933333333,0.916666667,,,,,,,,
,,,,,,,,,,,,,,,,,,,,
OVER,Naive Bayes,recall,0.005910165,0.011890606,0.071596244,0.038777908,0.026128266,0.033532934,0.041112455,0.027446301,0.033653846,0.026004728,,,,,,,,
,,,,,,,,,,,,,,,,,,,,
OVER,Naive Bayes,f1,0.011750881,0.023501763,0.13304253,0.074324324,0.050808314,0.064590542,0.078612717,0.053302433,0.064965197,0.050574713,,,,,,,,
,,,,,,,,,,,,,,,,,,,,
OVER,RBF Kernel SVC,accuracy,0.241416309,0.288626609,0.219957082,0.246781116,0.290772532,0.256437768,0.239270386,0.230686695,0.269313305,0.233905579,0.251716738,0.022963379,0.899688613,0.019751796,0.192161828,0.027988662,0.315841183,0.037615007
,,,,,,,,,,,,,,,,,,,,
OVER,RBF Kernel SVC,TP,150,199,143,166,200,156,138,138,178,148,,,,,,,,
,,,,,,,,,,,,,,,,,,,,
OVER,RBF Kernel SVC,FN,696,642,709,685,642,679,689,700,654,698,,,,,,,,
,,,,,,,,,,,,,,,,,,,,
OVER,RBF Kernel SVC,FP,11,21,18,17,19,14,20,17,27,16,,,,,,,,
,,,,,,,,,,,,,,,,,,,,
OVER,RBF Kernel SVC,TN,75,70,62,64,71,83,85,77,73,70,,,,,,,,
,,,,,,,,,,,,,,,,,,,,
OVER,RBF Kernel SVC,precision,0.931677019,0.904545455,0.888198758,0.907103825,0.913242009,0.917647059,0.873417722,0.890322581,0.868292683,0.902439024,,,,,,,,
,,,,,,,,,,,,,,,,,,,,
OVER,RBF Kernel SVC,recall,0.177304965,0.236623068,0.167840376,0.19506463,0.237529691,0.186826347,0.166868198,0.164677804,0.213942308,0.174940898,,,,,,,,
,,,,,,,,,,,,,,,,,,,,
OVER,RBF Kernel SVC,f1,0.297914598,0.375117813,0.282329714,0.321083172,0.377002828,0.310447761,0.280203046,0.277945619,0.343297975,0.293069307,,,,,,,,
,,,,,,,,,,,,,,,,,,,,
OVER,Random Forest,accuracy,0.884120172,0.877682403,0.884120172,0.879828326,0.888412017,0.873390558,0.876609442,0.886266094,0.86695279,0.899141631,0.881652361,0.008449188,0.91467511,0.008893439,0.958289996,0.007423081,0.935933684,0.005051901
,,,,,,,,,,,,,,,,,,,,
OVER,Random Forest,TP,810,806,813,802,809,800,797,811,793,818,,,,,,,,
,,,,,,,,,,,,,,,,,,,,
OVER,Random Forest,FN,36,35,39,49,33,35,30,27,39,28,,,,,,,,
,,,,,,,,,,,,,,,,,,,,
OVER,Random Forest,FP,72,79,69,63,71,83,85,79,85,66,,,,,,,,
,,,,,,,,,,,,,,,,,,,,
OVER,Random Forest,TN,14,12,11,18,19,14,20,15,15,20,,,,,,,,
,,,,,,,,,,,,,,,,,,,,
OVER,Random Forest,precision,0.918367347,0.910734463,0.921768707,0.92716763,0.919318182,0.906002265,0.903628118,0.911235955,0.903189066,0.925339367,,,,,,,,
,,,,,,,,,,,,,,,,,,,,
OVER,Random Forest,recall,0.957446809,0.958382878,0.954225352,0.942420682,0.960807601,0.958083832,0.963724305,0.96778043,0.953125,0.966903073,,,,,,,,
,,,,,,,,,,,,,,,,,,,,
OVER,Random Forest,f1,0.9375,0.933951333,0.937716263,0.934731935,0.93960511,0.931315483,0.932709187,0.938657407,0.92748538,0.94566474,,,,,,,,
,,,,,,,,,,,,,,,,,,,,
OVER,AdaBoost,accuracy,0.880901288,0.85944206,0.886266094,0.871244635,0.887339056,0.870171674,0.876609442,0.875536481,0.850858369,0.886266094,0.874463519,0.011415825,0.922701866,0.008356438,0.93960306,0.011498857,0.931027655,0.007093789
,,,,,,,,,,,,,,,,,,,,
OVER,AdaBoost,TP,795,779,803,790,803,777,789,795,769,802,,,,,,,,
,,,,,,,,,,,,,,,,,,,,
OVER,AdaBoost,FN,51,62,49,61,39,58,38,43,63,44,,,,,,,,
,,,,,,,,,,,,,,,,,,,,
OVER,AdaBoost,FP,60,69,57,59,66,63,77,73,76,62,,,,,,,,
,,,,,,,,,,,,,,,,,,,,
OVER,AdaBoost,TN,26,22,23,22,24,34,28,21,24,24,,,,,,,,
,,,,,,,,,,,,,,,,,,,,
OVER,AdaBoost,precision,0.929824561,0.918632075,0.93372093,0.930506478,0.924050633,0.925,0.91108545,0.915898618,0.910059172,0.928240741,,,,,,,,
,,,,,,,,,,,,,,,,,,,,
OVER,AdaBoost,recall,0.939716312,0.92627824,0.942488263,0.928319624,0.95368171,0.930538922,0.954050786,0.948687351,0.924278846,0.947990544,,,,,,,,
,,,,,,,,,,,,,,,,,,,,
OVER,AdaBoost,f1,0.934744268,0.922439313,0.938084112,0.929411765,0.938632379,0.927761194,0.932073243,0.932004689,0.917113894,0.938011696,,,,,,,,
,,,,,,,,,,,,,,,,,,,,
OVER,MLP,accuracy,0.454935622,0.832618026,0.401287554,0.404506438,0.175965665,0.839055794,0.174892704,0.7027897,0.876609442,0.881974249,0.574463519,0.270295219,0.909643345,0.01023071,0.589832401,0.356057675,0.649917189,0.304903949
,,,,,,,,,,,,,,,,,,,,
OVER,MLP,TP,370,766,329,327,82,772,63,621,816,812,,,,,,,,
,,,,,,,,,,,,,,,,,,,,
OVER,MLP,FN,476,75,523,524,760,63,764,217,16,34,,,,,,,,
,,,,,,,,,,,,,,,,,,,,
OVER,MLP,FP,32,81,35,31,8,87,5,60,99,76,,,,,,,,
,,,,,,,,,,,,,,,,,,,,
OVER,MLP,TN,54,10,45,50,82,10,100,34,1,10,,,,,,,,
,,,,,,,,,,,,,,,,,,,,
OVER,MLP,precision,0.92039801,0.904368359,0.903846154,0.913407821,0.911111111,0.898719441,0.926470588,0.911894273,0.891803279,0.914414414,,,,,,,,
,,,,,,,,,,,,,,,,,,,,
OVER,MLP,recall,0.437352246,0.910820452,0.386150235,0.384253819,0.097387173,0.924550898,0.07617896,0.741050119,0.980769231,0.959810875,,,,,,,,
,,,,,,,,,,,,,,,,,,,,
OVER,MLP,f1,0.592948718,0.907582938,0.541118421,0.540942928,0.175965665,0.911452184,0.140782123,0.817643186,0.934172868,0.93656286,,,,,,,,
