STATE,SC,CD,ACEREGIO,AGE65,BANK,BLACK,BLUCLLR,CITY,COAST,CONSTRCT,CVLLBFRC,DC,ENROLL,FARMER,FINANCE,FLOOD,FORBORN,GVTWRKR,INTRLAND,LANDSQMI,MANUF,MARINE,MDNINCM,MILTINST,MILTMAJR,MILTPOP,POPSQMI,POPULATN,PORT,RURLFARM,TRANSPRT,UNEMPLYD,UNION,URBAN,VABEDS,VETERANS,WHLRETL
CT,1,0,,,3801,53472,395880,0,1,,874661,0,297400,21238,,,,60633,0,4899,,0,,2,1,6593,410,2007280,0,,,46854,27,,0,,
CT,1,1,1,43995,3801,16242,103680,1,0,12066,246430,0,78075,5386,21560,1,83661,18476,0,740,94937,0,3736,0,0,230,729,539661,0,86304,9656,12600,27,437248,299,318000,46608
CT,1,2,1,31429,3801,3762,61213,0,1,8008,127256,0,46570,7644,3008,1,39700,13017,0,1978,49164,1,3252,2,1,5941,161,318621,0,135518,5662,6941,27,156347,0,,20631
CT,1,3,1,33031,3801,11277,76204,0,1,7732,161932,0,55342,1967,4333,1,54021,9364,0,415,68690,0,3505,0,0,148,895,371133,0,4954,11047,9215,27,327339,478,,26402
CT,1,4,1,42798,3801,16295,98197,0,1,14053,220115,0,74515,2478,6520,1,77140,12894,0,633,89086,0,3664,0,0,178,797,504342,0,68904,10761,11763,27,430941,0,,40177
CT,1,5,1,25530,3801,5896,56586,0,0,6713,118928,0,42898,3763,2955,1,38551,6882,0,1144,50626,0,3445,0,0,96,239,273523,0,10340,6830,6335,27,206741,0,,17937
CT,1,99,,,3801,53472,395880,0,1,,874661,0,297400,21238,,,293073,60633,0,4899,,0,,2,1,6593,410,2007280,0,,,46854,27,,0,,
ME,2,0,,,,1221,151848,,,,342442,,161585,28075,,,,29392,0,31040,,,,,,2900,29,913774,,,,30116,22,,,,
ME,2,1,1,34028,16233,608,57757,0,1,6359,126858,0,55425,5236,3486,1,28330,10159,0,4223,42986,0,2817,2,2,2376,78,327874,0,27603,8498,10771,22,204681,0,122000,24839
ME,2,2,1,32433,16233,286,56020,0,1,5548,116615,0,50785,9668,1748,1,24505,9791,0,8561,42848,0,2564,0,0,211,35,295754,0,43044,5905,8701,22,156394,869,,18324
ME,2,3,1,27101,16233,327,38071,0,1,4864,98969,0,55375,13171,1493,1,19041,9442,0,18256,21185,1,2385,3,3,313,16,290146,0,51181,8222,10644,22,110925,0,,17536
MA,3,0,,,,73171,843436,,,,1938611,,706515,28355,,,,186496,0,7867,,,,,,22906,596,4690514,,,,111904,30,,,,
MA,3,1,1,29831,9225,3128,58162,0,0,5852,123223,0,36256,4626,3187,1,33738,9140,0,2614,52473,0,3239,0,0,1123,113,294446,0,15794,6800,5888,30,216645,0,743000,19932
MA,3,2,1,32067,9225,5628,67387,0,0,6534,144241,0,48169,3366,4894,1,46617,14150,0,419,59133,0,3300,2,1,3434,820,343426,0,10230,7977,6262,30,281906,1105,,29477
MA,3,3,1,31384,9225,1544,63402,1,0,5674,129453,0,47303,2621,3619,1,45612,10183,0,796,58608,0,3269,0,0,1527,393,313132,0,9012,6555,7227,30,238498,0,,20466
MA,3,4,1,35232,9225,1854,68888,0,0,6702,145174,0,53645,2572,4672,1,51916,11938,0,462,62219,0,3335,1,1,1572,763,352620,0,8618,7995,8122,30,275449,0,,23207
MA,3,5,1,35226,9225,3191,58133,0,0,8293,146136,0,55400,1581,7498,1,54145,15472,0,395,44593,0,3562,4,1,1230,916,361755,0,3858,10925,7664,30,314999,1766,,27639
MA,3,6,1,29306,9225,978,56020,0,1,5144,114591,0,40201,1293,3102,1,40997,8647,0,313,49749,0,3306,0,0,279,851,266416,0,2740,5734,7351,30,238709,0,,18949
MA,3,7,1,23559,9225,5232,60093,0,1,6131,133319,0,46744,1082,4647,1,50894,12157,0,136,49288,0,3279,1,0,1125,2300,312805,19051715,2203,8378,8937,30,290531,0,,24604
MA,3,8,1,31212,9225,2751,51854,0,1,7269,129169,0,48816,1400,6502,1,47793,13518,0,83,40083,0,3562,0,0,1056,3843,318975,0,3397,9529,6835,30,278051,0,,24307
MA,3,9,1,36187,9225,5621,65197,0,1,10245,132164,0,50709,3539,3428,1,44377,11217,0,3634,48193,1,2892,9,2,2176,90,327969,0,8358,7220,7911,30,210043,0,,21977
MA,3,10,1,14028,9225,9948,51975,1,1,7456,141034,0,48534,733,7613,1,56682,16600,0,144,35933,0,3562,0,0,2231,2389,343957,19051715,1738,11769,8824,30,320645,1011,,28549
MA,3,11,1,16522,9225,10541,57645,1,1,7969,152192,0,54193,827,7943,1,61346,17891,0,94,39517,0,3328,0,0,2418,3939,370276,19051715,1819,12827,9714,30,348133,0,,32037
MA,3,12,1,19195,9225,9013,30524,1,1,4045,83517,0,29244,85,4366,1,39057,10553,0,11,18842,0,3251,5,0,1827,18177,199945,19051715,0,7639,6137,30,199945,0,,18996
MA,3,13,1,31277,9225,10625,74060,1,1,11919,203573,0,77393,2011,11177,1,76669,22695,0,741,54982,0,3387,1,0,2400,682,505701,19051715,5363,15437,11128,30,428786,321,,35853
MA,3,14,1,32711,9225,3889,76121,0,0,8430,142459,0,50378,2360,4050,1,49826,10628,0,770,62707,0,3220,0,0,410,434,333836,0,6102,7111,9006,30,279521,0,,21097
NH,4,0,,,,731,103617,,,,216960,,87570,12391,,,,19413,0,9017,,,,,,548,59,533242,,,,14279,25,,,,
NH,4,1,1,27821,694,435,53103,0,1,6261,108223,0,41851,5521,2484,1,28053,10014,0,2888,42557,0,2980,4,1,384,90,261149,0,20314,5407,7243,25,159865,145,84000,16226
NH,4,2,1,29952,694,296,51706,0,0,5999,108737,0,45719,6870,2570,1,28771,9399,0,6126,39327,0,2814,0,0,164,44,272093,0,26856,6229,7036,25,146955,0,,15745
RI,5,0,,,,13903,161969,,,,328015,,115165,3734,,,,27524,0,1058,,,,,,16554,748,791896,,,,23503,28,,,,
RI,5,1,1,33885,1224,7568,75397,1,1,7742,155183,0,54700,1867,4455,1,26209,13186,0,226,61867,0,3133,6,1,10431,1673,378105,0,5440,8209,11274,28,323367,393,132000,26032
RI,5,2,1,36792,1224,6336,86572,1,0,9069,172833,0,60465,1868,4859,1,27386,14339,0,832,72109,0,3125,2,1,6123,497,413792,0,4898,8955,12230,28,343566,0,,28447
VT,6,0,,,,443,51709,,,,145190,,67400,24596,,,,12416,0,9278,,,,,,364,41,377747,,,,7913,20,,,,
VT,6,1,1,39534,418,443,51709,0,0,7791,145190,0,67400,24596,3446,1,27254,12416,0,9278,33705,0,2573,2,1,364,41,377747,0,81132,9419,7913,20,137612,201,49000,24285
DE,11,0,,,,43598,52762,,,,130694,,49885,10626,,,,10146,0,1978,,,,,,433,161,318085,,,,4057,19,,,,
DE,11,1,2,26320,676,43598,52762,0,1,10494,130694,0,49885,10626,3984,1,13512,10146,0,1978,41076,0,3155,4,2,433,161,318085,0,84738,9671,4057,19,199122,297,48000,22897
NJ,12,0,,,,318565,893077,,,,2067912,,700295,44379,,,,161720,0,7522,,,,,,34376,643,4835329,,,,105280,36,,,,
NJ,12,1,2,34884,6523,37513,81525,0,0,12372,180831,0,69150,7333,6537,1,30086,12793,0,900,68237,0,3529,0,0,562,491,441978,0,20862,12960,10937,36,357724,0,787000,34624
NJ,12,2,2,27829,6523,33227,41718,0,1,8556,104140,0,37390,7023,2787,1,24289,8186,0,1345,22315,0,2800,1,1,2429,192,258127,0,14259,6744,6098,36,193469,0,,23249
NJ,12,3,2,35253,6523,25922,64985,0,1,13332,153989,0,56128,7809,5200,1,44652,18589,0,1311,40918,0,3264,4,3,10070,298,390547,0,18026,10840,7269,36,254163,0,,27151
NJ,12,4,2,28675,6523,31353,66041,0,0,8677,147261,0,50845,5295,3889,1,34330,17691,0,1047,54045,0,3626,3,2,18544,349,365691,0,14393,8938,5817,36,260852,0,,25586
NJ,12,5,2,32635,6523,12933,78353,0,1,11548,170728,0,62122,4574,5881,1,52029,17063,0,892,66918,0,3717,1,0,490,471,419697,0,13440,12449,6144,36,290922,1992,,25287
NJ,12,6,2,28320,6523,25316,72746,0,1,9042,174000,0,59710,768,8508,1,53171,10814,0,103,74707,0,4312,0,0,228,3865,398138,0,273,13415,6837,36,393322,0,,31640
NJ,12,7,2,31595,6523,6141,63149,0,0,10658,153549,0,54846,8735,7719,1,55267,9938,0,1514,52498,0,3952,1,0,196,241,364713,0,22332,11519,5507,36,270420,0,,25235
NJ,12,8,2,28079,6523,11751,79281,0,0,8033,154373,0,46065,737,4423,1,61407,8440,0,121,71535,0,3675,0,0,135,2730,330351,0,770,9248,7718,36,315815,0,,25803
NJ,12,9,2,26897,6523,7986,61599,0,1,9902,153261,0,52290,925,9990,1,50932,9063,0,123,55133,0,4079,0,0,289,2911,358021,0,648,13991,5738,36,348015,0,,26884
NJ,12,10,2,25229,6523,31346,54881,1,0,6430,139366,0,43796,255,9252,1,45180,9977,0,44,47548,0,3769,0,0,222,7089,311935,0,83,11356,8667,36,310159,0,,25406
NJ,12,11,2,26001,6523,36507,55425,1,0,6777,141294,0,44515,269,9591,1,44518,9974,0,32,47652,0,3484,0,0,160,9909,317082,0,104,10004,8568,36,314862,745,,26376
NJ,12,12,2,27487,6523,38594,58592,1,0,7165,149368,0,47058,285,10139,1,47062,10544,0,64,50375,0,3769,0,0,169,5238,335201,0,110,10575,9057,36,332855,0,,27883
NJ,12,13,2,20666,6523,9988,56598,1,1,4703,122877,0,38191,186,7372,1,44645,9324,0,18,43989,0,3484,0,0,441,15107,271924,0,0,15646,8462,36,271924,0,,20093
NJ,12,14,2,20666,6523,9988,56598,0,1,4703,122877,0,38191,186,7372,1,44645,9324,0,12,43989,0,3484,0,0,441,22660,271924,0,0,15646,8462,36,271924,0,,20093
NY,13,0,,170529,,918191,2321590,,,25147,6325213,,2133220,163123,67609,,,579826,0,47944,207679,,3073,,,27667,309,14830192,,0,66863,380952,36,1960101,,,216421
NY,13,1,2,30035,54421,14137,42331,0,1,12793,113623,0,46378,5670,4863,1,49182,16345,0,997,20298,0,3411,2,2,644,317,316495,0,9793,8775,4726,36,159789,2447,2220000,19607
NY,13,2,2,18972,54421,7969,37913,0,1,10299,123649,0,48591,1065,8989,1,37491,11734,0,150,27204,1,4524,1,0,2815,2108,316200,0,821,12378,3460,36,297795,0,,25262
NY,13,3,2,18972,54421,7969,37913,0,1,10299,123649,0,48591,1065,8989,1,37491,11734,0,75,27204,0,4524,0,0,2815,4216,316200,0,821,12378,3460,36,297795,0,,25262
NY,13,4,2,22022,54421,10305,46537,1,0,7202,135646,0,43084,164,10726,1,56792,13270,0,23,35098,0,4121,0,0,406,13486,310170,42106369,0,14294,5888,36,310170,0,,29327
NY,13,5,2,22022,54421,10305,46537,1,1,7202,135646,0,43084,164,10726,1,56792,13270,0,23,35098,0,4121,0,0,406,13486,310170,42106369,0,14294,5888,36,310170,0,,29327
NY,13,6,2,22022,54421,10305,46537,1,0,7202,135646,0,43084,164,10726,1,56792,13270,0,23,35098,0,4121,0,0,406,13486,310170,42106369,0,14294,5888,36,310170,0,,29327
NY,13,7,2,22022,54421,10305,46537,1,1,7202,135646,0,43084,164,10726,1,56792,13270,0,23,35098,0,4121,1,0,406,13486,310170,42106369,0,14294,5888,36,310170,0,,29327
NY,13,8,2,25328,54421,26060,57204,1,1,6142,146300,0,49367,85,9073,1,78933,13089,0,10,44479,0,3447,2,0,675,34227,342272,42106369,0,12975,10366,36,342272,0,,31405
NY,13,9,2,25328,54421,26060,57204,1,0,6142,146300,0,49367,85,9073,1,78933,13089,0,10,44479,0,3447,0,0,675,34227,342272,42106369,0,12975,10366,36,342272,0,,31405
NY,13,10,2,25328,54421,26060,57204,1,0,6142,146300,0,49367,85,9073,1,78933,13089,0,10,44479,0,3447,0,0,675,34227,342272,42106369,0,12975,10366,36,342272,0,,31405
NY,13,11,2,47350,54421,36365,103742,1,1,13344,281946,0,92451,248,19799,1,78933,26359,0,33,79576,0,3447,3,1,1082,19771,652442,42106369,0,27269,16253,36,652442,0,,60731
NY,13,12,2,25328,54421,26060,57204,1,1,6142,146300,0,49367,85,9073,1,78933,13089,0,10,44479,0,3447,0,0,675,34227,342272,42106369,0,12975,10366,36,342272,0,,31405
NY,13,13,2,25328,54421,26060,57204,1,1,6142,146300,0,49367,85,9073,1,78933,13089,0,10,44479,0,3447,0,0,675,34227,342272,42106369,0,12975,10366,36,342272,953,,31405
NY,13,14,2,25328,54421,26060,57204,1,1,6142,146300,0,49367,85,9073,1,78933,13089,0,10,44479,0,3447,2,1,675,34227,342272,42106369,0,12975,10366,36,342272,0,,31405
NY,13,15,2,40844,54421,31432,85752,1,1,10680,224883,0,79462,277,15638,1,78933,26629,0,70,61194,0,3845,3,2,1986,7626,533827,42106369,0,24107,16079,36,533827,974,,44119
NY,13,16,2,28478,54421,64208,45080,1,0,4200,161239,0,33825,119,11291,1,80312,11200,0,4,34682,0,3073,0,0,615,81834,327337,42106369,0,11166,13550,36,327337,0,,33097
NY,13,17,2,28478,54421,64208,45080,1,0,4200,161239,0,33825,119,11291,1,80312,11200,0,4,34682,0,3073,0,0,615,81834,327337,42106369,0,11166,13550,36,327337,0,,33097
NY,13,18,2,28478,54421,64208,45080,1,1,4200,161239,0,33825,119,11291,1,80312,11200,0,4,34682,0,3073,0,0,615,81834,327337,42106369,0,11166,13550,36,327337,0,,33097
NY,13,19,2,28478,54421,64208,45080,1,1,4200,161239,0,33825,119,11291,1,80312,11200,0,4,34682,0,3073,2,0,615,81834,327337,42106369,0,11166,13550,36,327337,0,,33097
NY,13,20,2,28478,54421,64208,45080,1,1,4200,161239,0,33825,119,11291,1,80312,11200,0,4,34682,0,3073,0,0,615,81834,327337,42106369,0,11166,13550,36,327337,0,,33097
NY,13,21,2,28478,54421,64208,45080,1,1,4200,161239,0,33825,119,11291,1,80312,11200,0,4,34682,0,3073,0,0,615,81834,327337,42106369,0,11166,13550,36,327337,0,,33097
NY,13,22,2,26486,54421,24438,56234,1,0,7378,156963,0,53451,99,10570,1,93749,15573,0,11,40300,0,3612,0,0,205,32984,362819,42106369,0,14074,11182,36,362819,0,,36716
NY,13,23,2,26486,54421,24438,56234,1,1,7378,156963,0,53451,99,10570,1,93749,15573,0,11,40300,0,3612,0,0,205,32984,362819,42106369,0,14074,11182,36,362819,0,,36716
NY,13,24,2,26486,54421,24438,56234,1,0,7378,156963,0,53451,99,10570,1,93749,15573,0,11,40300,0,3612,0,0,205,32984,362819,42106369,0,14074,11182,36,362819,1434,,36716
NY,13,25,2,26486,54421,24438,56234,1,1,7378,156963,0,53451,99,10570,1,93749,15573,0,11,40300,0,3612,2,2,205,32984,362819,42106369,0,14074,11182,36,362819,0,,36716
NY,13,26,2,26491,54421,19411,43041,0,0,9523,137228,0,48838,974,8218,1,48078,11242,0,272,31789,0,4353,0,0,175,1173,319166,0,1231,11187,5411,36,294590,0,,25521
NY,13,27,2,27625,54421,18734,44215,0,0,10249,139585,0,50182,1437,8203,1,48928,11599,0,398,31504,0,4353,0,0,182,821,326957,0,2575,11553,5480,36,283038,1656,,25743
NY,13,28,2,34444,54421,10518,49025,0,0,10013,126848,0,49920,12821,3026,1,34231,15256,0,3463,28942,0,3125,2,1,4885,94,326682,0,36829,9950,5752,36,142336,0,,23081
NY,13,29,2,38116,54421,9926,50759,0,0,9798,126327,0,48925,14099,2681,1,31879,14343,0,3880,32151,0,3019,0,0,93,84,324032,0,42158,8094,5982,36,126834,0,,22513
NY,13,30,2,28029,54421,6678,49595,0,0,7291,129635,0,34690,2795,4439,1,24883,20928,0,697,30527,0,3535,0,0,173,433,301711,0,11414,15984,5892,36,242588,0,,24492
NY,13,31,2,31723,54421,2854,50436,0,0,6868,121815,0,43330,10265,3005,1,18269,12909,0,5894,34323,1,2835,0,0,128,54,320208,0,42508,9119,6777,36,158301,0,,19265
NY,13,32,2,33802,54421,2173,58257,0,0,6207,133110,0,44205,8011,2623,1,31316,11237,0,3875,57005,0,3421,0,0,224,79,307980,0,26705,6519,6474,36,210430,0,,22076
NY,13,33,3,35235,54421,413,43336,0,1,6027,120781,0,58845,19796,2252,0,20775,11703,0,8011,29911,0,2739,0,0,343,41,328950,0,72009,7135,8490,36,145098,0,,20381
NY,13,34,3,34727,54421,2683,55897,0,0,5656,133259,0,50635,10818,3413,0,32061,13229,0,3330,45880,0,3175,1,1,554,99,330476,0,35409,7748,9602,36,216778,0,,24384
NY,13,35,3,30986,54421,4896,57250,1,0,7016,145403,0,50930,3813,5486,0,31019,11225,0,792,48745,0,3459,0,0,189,431,341719,0,16064,11328,7334,36,272405,273,,31711
NY,13,36,3,37671,54421,3077,45755,0,1,6531,125575,0,52460,18391,2372,0,19204,14036,0,4254,33383,0,2958,2,1,198,77,326776,0,70694,6483,5294,36,141272,1700,,21995
NY,13,37,3,37859,54421,3327,71746,0,0,7464,158915,0,64575,10249,3310,0,23246,12725,0,3055,61574,0,3327,0,0,122,129,393130,0,44801,11400,7335,36,258336,374,,29478
NY,13,38,3,10509,54421,5111,62907,1,1,6746,147447,0,48551,6803,4000,0,39921,10709,0,944,58060,0,3264,0,0,126,365,345026,0,28239,8267,7348,36,264966,0,,26214
NY,13,39,3,14855,54421,4590,55373,1,1,6071,130254,0,46364,9421,3193,0,32567,10108,0,1832,49703,0,3335,0,0,103,169,310167,0,36102,7140,6487,36,216414,0,,21511
NY,13,40,3,28127,54421,11584,69117,1,1,6703,148560,0,57172,4001,3624,0,43926,10835,0,132,62784,0,3515,3,2,222,2734,360847,22962000,17199,11026,8300,36,297616,0,,24543
NY,13,41,3,29126,54421,16544,67689,1,0,7415,152157,0,57209,2055,4730,0,39576,11727,0,132,54876,0,3490,0,0,174,2793,368688,0,2987,14688,8653,36,324076,0,,28590
NY,13,42,3,28416,54421,16141,66038,1,1,7234,148446,0,55814,2005,4614,0,38611,11441,0,791,53538,0,3490,0,0,170,455,359695,22962000,2914,14330,8442,36,316172,934,,27892
NY,13,43,3,32225,54421,1848,49257,0,1,5809,118381,0,50230,14773,2094,0,19883,10802,0,4101,37555,0,3008,0,0,85,72,297131,0,59857,7193,6312,36,133401,0,,20339
PA,14,0,,,,638485,1975190,,,,4157543,,1719055,155935,,,,314393,0,45045,,,,,,17619,233,10498012,,,,226374,41,,,,
PA,14,1,2,28714,14274,62799,63419,1,0,7731,147604,0,50384,167,5983,1,38541,12660,0,21,48649,0,3322,5,2,1240,16474,345958,48892709,0,11517,9454,41,345958,0,1616000,29536
PA,14,2,2,28714,14274,62799,63419,1,0,7731,147604,0,50384,167,5983,1,38541,12660,0,21,48649,0,3322,0,0,1240,16474,345958,48892709,0,11517,9454,41,345958,472,,29536
PA,14,3,2,28714,14274,62799,63419,1,0,7731,147604,0,50384,167,5983,1,38541,12660,0,21,48649,0,3322,0,0,1240,16474,345958,48892709,0,11517,9454,41,345958,0,,29536
PA,14,4,2,28714,14274,62799,63419,1,0,7731,147604,0,50384,167,5983,1,38541,12660,0,21,48649,0,3322,0,0,1240,16474,345958,48892709,0,11517,9454,41,345958,0,,29536
PA,14,5,2,28714,14274,62799,63419,1,0,7731,147604,0,50384,167,5983,1,38541,12660,0,21,48649,0,3322,0,0,1240,16474,345958,48892709,0,11517,9454,41,345958,0,,29536
PA,14,6,2,28714,14274,62799,63419,1,0,7731,147604,0,50384,167,5983,1,38541,12660,0,21,48649,0,3322,0,0,1240,16474,345958,48892709,0,11517,9454,41,345958,0,,29536
PA,14,7,2,28765,14274,29415,61077,1,0,9687,164715,0,64210,1050,9205,1,27224,11740,0,185,57857,0,4139,0,0,586,2239,414234,19882516,3236,13840,8420,41,372411,0,,31607
PA,14,8,2,29221,14274,3113,74409,0,0,9063,147487,0,54445,8064,3226,1,21145,7948,0,964,63370,0,3424,2,1,457,356,342827,0,30654,9413,4990,41,210932,0,,26355
PA,14,9,2,36199,14274,17769,74926,0,0,10707,161000,0,65230,17725,3090,1,10447,11219,0,1705,59410,0,3357,1,0,1603,231,393858,0,64953,8975,3900,41,182033,1957,,26579
PA,14,10,2,33520,14274,1230,63289,0,0,6165,132293,0,58925,10064,2754,1,32342,9902,0,3453,33462,0,2697,1,0,102,101,349780,0,36897,11813,8808,41,247506,0,,24859
PA,14,11,2,30212,14274,929,83911,0,0,5704,149744,0,65040,2112,2899,1,36864,9937,0,891,38092,0,2863,0,0,122,440,392241,0,10425,9657,10871,41,323898,500,,27559
PA,14,12,2,25942,14274,342,72741,0,0,5352,123417,0,54485,4465,1786,1,18475,7023,0,1237,32169,0,2654,0,0,86,257,317692,0,18940,9105,8197,41,196291,0,,19853
PA,14,13,2,30967,14274,14931,60938,0,0,8966,144336,0,54670,3338,6400,1,23711,9363,0,492,55858,0,3924,0,0,299,718,353068,0,14648,8745,3186,41,236832,0,,24862
PA,14,14,2,24375,14274,3328,65682,0,0,6147,115920,0,37770,5330,2694,1,9992,6435,0,864,54896,0,3392,0,0,126,296,255740,0,20409,7641,3107,41,169078,207,,18854
PA,14,15,2,23795,14274,1775,65287,0,0,5310,115674,0,42935,3860,1735,1,21818,5675,0,1390,53657,0,3210,0,0,53,199,276574,0,16872,7348,5665,41,185223,0,,16840
PA,14,16,2,28792,14274,14934,61615,0,0,8550,133495,0,51885,7605,3478,1,8301,22465,0,1820,37129,0,3138,2,0,1009,176,319492,0,31738,13299,4167,41,199607,1065,,22933
PA,14,17,2,33481,14274,1560,56865,0,0,6100,121592,0,56485,14687,1922,1,7398,9283,0,6521,41562,0,2653,0,0,112,49,318271,0,59983,9683,6549,41,142770,0,,19205
PA,14,18,2,29553,14274,3485,56781,0,0,7448,118148,0,63985,16784,1537,1,6701,12343,0,5263,29101,0,2396,1,0,203,65,339527,0,70838,7190,6118,41,89212,0,,18133
PA,14,19,2,30170,14274,5732,70825,0,0,9039,140789,0,56725,12464,2724,1,2984,13416,0,1995,54331,0,3023,5,1,3453,171,341391,0,53343,8682,3384,41,174317,0,,23913
PA,14,20,2,26251,14274,1846,50871,0,0,4600,101473,0,52455,4822,1691,1,9846,10866,0,2790,17076,0,2633,0,0,174,104,291393,0,27086,21112,5659,41,151210,200,,18791
PA,14,21,4,24745,14274,6203,60164,0,0,5075,113906,0,53280,3564,1907,2,26984,6108,0,1025,44541,0,3017,0,0,66,306,313179,0,19286,8343,9341,41,152303,0,,17936
PA,14,22,4,29044,14274,4486,68672,0,0,4662,125073,0,72640,5515,1740,2,25053,8071,0,2186,32581,0,2801,0,0,83,168,367489,0,39371,8052,8819,41,169721,0,,20584
PA,14,23,4,29330,14274,1129,51878,0,0,4988,105802,0,55700,6659,1846,2,11041,8216,0,5062,33381,0,2786,0,0,59,58,291571,0,42551,7351,6458,41,119658,0,,16929
PA,14,24,4,36763,14274,8001,75885,0,1,6512,160761,0,71560,11045,3018,2,25402,8950,0,2509,67227,0,3291,0,0,130,164,410290,0,57208,11845,7652,41,257807,191,,27652
PA,14,25,4,29978,14274,10988,76267,0,0,6064,141872,0,65040,5855,2288,2,31544,8478,0,1602,63108,0,3221,0,0,117,236,377632,0,33225,11486,7566,41,220596,0,,22676
PA,14,26,4,36417,14274,18284,84364,0,0,6607,153435,0,83760,7442,2283,2,37360,9773,0,2234,33135,0,2871,0,0,158,199,444921,0,44888,11859,11070,41,157614,0,,24539
PA,14,27,4,29547,14274,28241,64748,1,0,8199,150689,0,59033,621,5588,2,35083,10343,0,219,50766,0,3157,1,0,299,1730,378809,0,2489,14126,8959,41,343201,0,,28926
PA,14,28,4,29547,14274,28241,64748,1,0,8199,150689,0,59033,621,5588,2,35083,10343,0,73,50766,0,3157,0,0,299,5189,378809,0,2489,14126,8959,41,343201,0,,28926
PA,14,29,4,29547,14274,28241,64748,1,0,8199,150689,0,59033,621,5588,2,35083,10343,0,292,50766,0,3157,0,0,299,1297,378809,0,2489,14126,8959,41,343201,779,,28926
PA,14,30,4,29547,14274,28241,64748,1,0,8199,150689,0,59033,621,5588,2,35083,10343,0,146,50766,0,3157,0,0,299,2595,378809,0,2489,14126,8959,41,343201,0,,28926
IL,21,0,,,,645980,1477725,,,,3693948,,1326790,244397,,,,284855,0,55935,,,,,,35148,156,8712176,,,,147897,41,,,,
IL,21,1,7,30434,15542,46888,76048,1,1,7710,186034,0,57106,494,8792,3,47806,13588,0,50,65289,0,4085,0,0,351,8116,405791,38969159,1033,38978,8215,41,400110,0,1320000,37041
IL,21,2,7,30434,15542,46888,76048,1,1,7710,186034,0,57106,494,8792,3,47806,13588,0,50,65289,0,4085,0,0,351,8116,405791,38969159,1033,38978,8215,41,400110,0,,37041
IL,21,3,7,30434,15542,46888,76048,1,0,7710,186034,0,57106,494,8792,3,47806,13588,0,50,65289,0,4085,0,0,351,8116,405791,38969159,1033,38978,8215,41,400110,0,,37041
IL,21,4,7,30434,15542,46888,76048,1,0,7710,186034,0,57106,494,8792,3,47806,13588,0,50,65289,0,4085,0,0,351,8116,405791,38969159,1033,38978,8215,41,400110,0,,37041
IL,21,5,7,30434,15542,46888,76048,1,0,7710,186034,0,57106,494,8792,3,47806,13588,0,50,65289,0,4085,0,0,351,8116,405791,38969159,1033,38978,8215,41,400110,0,,37041
IL,21,6,7,30434,15542,46888,76048,1,0,7710,186034,0,57106,494,8792,3,47806,13588,0,50,65289,0,4085,0,0,351,8116,405791,38969159,1033,38978,8215,41,400110,0,,37041
IL,21,7,7,30434,15542,46888,76048,1,0,7710,186034,0,57106,494,8792,3,47806,13588,0,50,65289,0,4085,0,0,351,8116,405791,38969159,1033,38978,8215,41,400110,0,,37041
IL,21,8,7,30434,15542,46888,76048,1,0,7710,186034,0,57106,494,8792,3,47806,13588,0,50,65289,0,4085,0,0,351,8116,405791,38969159,1033,38978,8215,41,400110,0,,37041
IL,21,9,7,30434,15542,46888,76048,1,1,7710,186034,0,57106,494,8792,3,47806,13588,0,50,65289,0,4085,0,0,351,8116,405791,38969159,1033,38978,8215,41,400110,316,,37041
IL,21,10,7,30434,15542,46888,76048,1,0,7710,186034,0,57106,494,8792,3,47806,13588,0,50,65289,0,4085,0,0,351,8116,405791,38969159,1033,38978,8215,41,400110,2630,,37041
IL,21,11,7,30434,15542,46888,76048,1,0,7710,186034,0,57106,494,8792,3,47806,13588,0,50,65289,0,4085,0,0,351,8116,405791,38969159,1033,38978,8215,41,400110,0,,37041
IL,21,12,7,30434,15542,46888,76048,1,1,7710,186034,0,57106,494,8792,3,47806,13588,0,50,65289,0,4085,0,0,351,8116,405791,38969159,1033,38978,8215,41,400110,0,,37041
IL,21,13,7,31752,15542,37265,78238,0,1,9623,193144,0,54636,2522,8000,3,47806,16701,0,814,65576,0,4021,8,2,12059,552,449625,0,8575,17212,7215,41,375452,2534,,36403
IL,21,14,7,30069,15542,3034,57414,0,0,8954,146564,0,58710,9101,5641,3,26402,9913,0,1458,48722,0,4138,0,0,199,244,355643,0,79136,13651,2976,41,249593,0,,27812
IL,21,15,7,30406,15542,6459,57435,0,0,6974,129588,0,62995,16471,2695,3,20740,9154,0,3669,41949,0,3521,1,0,107,88,324129,0,77685,10291,4267,41,195127,0,,23787
IL,21,16,7,33554,15542,5591,61273,0,0,6940,146190,0,57350,21493,3637,3,19400,9258,0,4346,51454,0,3429,1,0,132,81,353631,0,84437,8207,3577,41,207543,0,,26674
IL,21,17,7,37671,15542,9297,43251,0,0,7077,128499,0,55030,25001,3968,3,11982,12047,0,5941,24190,0,3159,0,0,392,58,344573,0,114153,9637,4030,41,154208,1957,,25833
IL,21,18,7,28287,15542,6403,54136,0,0,7226,129341,0,50940,12877,3458,3,11268,7919,0,2997,42814,0,3432,0,0,106,105,314715,0,78472,9010,4820,41,197823,0,,26436
IL,21,19,7,34185,15542,4576,52599,0,0,5827,130893,0,52930,19370,3379,3,15201,9774,0,4327,39897,0,3292,1,0,134,75,325903,0,66895,10152,3646,41,202165,0,,24796
IL,21,20,7,36480,15542,2720,31091,0,0,5883,104600,0,50495,29468,1931,3,2911,8999,0,7030,15796,0,2534,0,0,71,40,281468,0,88737,6610,3114,41,107524,0,,20153
IL,21,21,7,40009,15542,4835,46048,0,0,7348,135095,0,66270,26659,3638,3,11553,13480,0,6133,21108,0,2914,0,0,150,56,345287,0,94849,9350,4684,41,164906,0,,25759
IL,21,22,7,31231,15542,8718,41304,0,0,7989,125890,0,50085,19316,3009,3,5139,17460,0,4307,19466,0,3245,1,1,8501,78,336693,0,83015,12356,3703,41,198557,0,,26780
IL,21,23,8,36213,15542,3043,41099,0,0,7260,116884,0,58735,29480,1911,7,3505,7682,0,7323,15567,0,2494,0,0,190,43,318549,0,109919,9166,5914,41,104809,0,,20998
IL,21,24,8,30506,15542,44098,73225,0,0,7794,149565,0,36820,6496,3872,7,12338,10999,0,1401,53809,0,3312,3,1,9359,277,388302,0,78996,15352,7327,41,288261,0,,27549
IL,21,25,8,36851,15542,20221,46328,0,0,5892,114672,0,75230,20980,1749,7,7591,9545,0,5592,13570,0,2217,0,0,79,60,335394,0,120883,8886,6821,41,132767,172,,20580
IN,22,0,,,,174168,680564,,,,1567227,,659730,171872,,,,117335,11,36205,,,,,,2308,109,3934224,,,,48785,41,,,,
IN,22,1,7,19097,4033,50726,85652,0,1,7632,152726,0,62420,1869,2968,3,38379,7811,11,514,78416,0,3890,0,0,104,716,368152,20426617,20591,11384,6423,41,341696,0,567000,24731
IN,22,2,4,30715,4033,914,39937,0,1,6974,114576,0,51240,24522,2132,2,7225,11758,11,5245,24086,0,2992,0,0,149,58,304235,0,111841,8572,2358,41,108957,0,,21530
IN,22,3,7,31982,4033,12330,81656,0,0,7001,165468,0,34045,9319,4157,3,18792,8585,11,1987,74477,0,3800,0,0,133,199,395846,0,80048,10757,3509,41,275325,0,,29171
IN,22,4,3,30915,4033,5489,53982,0,0,6254,133790,0,62750,18465,3592,0,5598,8047,11,3184,43943,0,3281,0,0,91,103,328039,0,77693,10208,3560,41,179776,200,,23556
IN,22,5,4,39353,4033,6793,71616,0,0,6231,157294,0,68095,19871,2967,2,2618,10015,11,3579,60450,0,3048,1,1,81,109,391696,0,94394,10479,4644,41,223476,1650,,27265
IN,22,6,4,33914,4033,5668,41457,0,0,5971,112747,0,49195,19137,2562,2,4143,9598,11,4138,22768,0,2853,1,0,83,72,296078,0,99148,9337,3972,41,127676,0,,23042
IN,22,7,4,32077,4033,2364,42703,0,0,5761,106581,0,52570,18330,1950,2,2377,12098,11,4688,20290,0,2506,1,0,206,64,298798,0,101155,7713,3745,41,115572,0,,19015
IN,22,8,4,35551,4033,13791,66761,0,0,7948,151792,0,96860,17741,3322,2,2043,11064,11,3918,47749,0,2823,1,0,241,100,393520,0,95155,10130,5480,41,225194,0,,28720
IN,22,9,4,27446,4033,1594,38596,0,0,4856,93153,0,50545,21673,1287,2,1131,6891,11,5012,28214,0,2319,2,1,362,52,258441,0,84131,4787,3008,41,82439,0,,13731
IN,22,10,4,35136,4033,9489,59925,0,0,5944,136894,0,59675,18750,2670,2,1963,9707,11,3538,50485,0,3082,0,0,87,98,347642,0,102899,7072,3839,41,174710,0,,25107
IN,22,11,4,44840,4033,65010,98279,1,0,12858,242206,0,81885,2195,11670,2,10571,21761,11,402,76958,0,3636,2,1,771,1373,551777,0,42819,22475,8247,41,502375,486,,55718
MI,23,0,,,,442296,1130405,,,,2530060,,1104505,155854,,,,201026,10123,57022,,,,,,10448,112,6371766,,,,136486,45,,,,
MI,23,1,3,22368,7055,56014,81740,1,1,7316,175719,0,63115,404,5583,0,57207,12919,10123,101,77055,0,3989,0,0,238,4027,406684,26497792,1996,11166,11558,45,394077,0,966000,29944
MI,23,2,3,31122,7055,15798,57188,0,1,6542,142225,0,61705,12386,2692,0,17129,18249,10123,2737,46279,0,3390,0,0,204,140,382826,0,61134,9551,6784,45,195371,148,,24723
MI,23,3,3,32597,7055,9434,56605,0,0,6694,135208,0,58295,13415,3050,0,13824,12540,10123,2950,47278,0,3259,0,0,4046,119,349661,0,61698,7716,5085,45,196516,2055,,23908
MI,23,4,3,30590,7055,11776,48875,0,1,5859,113972,0,48470,20109,1765,0,15416,6816,10123,3561,39082,0,2920,0,0,115,82,291818,0,87413,5919,4280,45,102578,0,,18936
MI,23,5,3,32046,7055,7212,66792,0,1,7528,146321,0,61720,7541,4364,0,25233,7931,10123,1426,56064,0,3494,0,0,177,254,362043,0,37401,9377,5062,45,258033,0,,31248
MI,23,6,3,31148,7055,17426,91620,0,0,8128,190601,0,83600,7167,5191,0,25527,19282,10123,1774,83167,0,3842,0,0,262,265,470629,0,38617,7934,7136,45,341566,0,,35536
MI,23,7,3,31088,7055,6459,65115,0,1,8269,147551,0,72935,23833,2586,0,34898,10281,10123,4479,50642,0,3216,3,2,3064,93,414598,0,96165,8504,6174,45,193108,0,,24732
MI,23,8,3,31209,7055,9885,53547,0,0,5240,124945,0,61430,18974,2263,0,16383,7955,10123,3776,43299,0,3041,0,0,81,88,333277,0,81907,7365,4591,45,163765,190,,23020
MI,23,9,3,24998,7055,9446,40773,0,1,4859,98789,0,53620,12881,1604,0,14186,7742,10123,5777,32570,0,2738,0,0,205,48,275109,0,57130,5850,6791,45,133848,0,,17179
MI,23,10,3,21620,7055,768,32676,0,1,5249,88568,0,53130,16201,1245,0,11775,7117,10123,7572,23597,0,2789,1,1,119,34,254508,0,73729,3932,4400,45,88104,0,,16742
MI,23,11,3,21738,7055,235,28138,0,1,4478,76282,0,63550,13579,1060,0,17500,8642,10123,12780,15450,0,2395,1,1,495,18,227810,0,54016,5687,5452,45,99123,0,,14244
MI,23,12,7,17921,7055,319,27508,0,1,2566,61023,0,33320,4590,859,3,24563,6705,10123,8706,11227,0,2524,0,0,120,20,178251,0,20303,4076,6140,45,85241,185,,11084
MI,23,13,3,22368,7055,56014,81740,1,1,7316,175719,0,63115,404,5583,0,57207,12919,10123,101,77055,0,3989,2,1,238,4027,406684,26497792,1996,11166,11558,45,394077,0,,29944
MI,23,14,3,22368,7055,56014,81740,1,1,7316,175719,0,63115,404,5583,0,57207,12919,10123,101,77055,0,3989,0,0,238,4027,406684,26497792,1996,11166,11558,45,394077,927,,29944
MI,23,15,3,22368,7055,56014,81740,1,1,7316,175719,0,63115,404,5583,0,57207,12919,10123,101,77055,0,3989,0,0,238,4027,406684,26497792,1996,11166,11558,45,394077,0,,29944
MI,23,16,3,22368,7055,56014,81740,1,1,7316,175719,0,63115,404,5583,0,57207,12919,10123,101,77055,0,3989,1,0,238,4027,406684,26497792,1996,11166,11558,45,394077,0,,29944
MI,23,17,3,22368,7055,56014,81740,1,0,7316,175719,0,63115,404,5583,0,57207,12919,10123,101,77055,0,3989,0,0,238,4027,406684,26497792,1996,11166,11558,45,394077,0,,29944
MI,23,18,3,20821,7055,18124,72105,0,0,9200,152363,0,74795,2760,4324,0,31848,10405,10123,877,68271,0,4031,0,0,135,452,396001,0,13278,8290,5382,45,286928,0,,27951
OH,24,0,,,,513072,1393672,,,,3201109,,1274990,205350,,,,258679,0,41000,,,,,,8101,194,7946627,,,,141504,38,,,,
OH,24,1,4,32281,9758,44141,58773,1,0,8199,147501,0,51271,1140,5727,2,12541,10983,0,155,47659,0,3340,0,0,161,2289,354736,0,4214,11531,7275,38,328131,0,1200000,30134
OH,24,2,4,33598,9758,45942,61171,1,0,8534,153522,0,53364,1186,5961,2,13053,11431,0,259,49604,0,3340,0,0,167,1426,369216,0,4386,12002,7572,38,341525,22,,31364
OH,24,3,4,40057,9758,44993,104784,1,0,10432,225411,0,83350,5086,5519,2,12927,24606,0,936,97307,0,3712,2,1,775,583,545644,0,24233,10069,8077,38,439845,989,,41039
OH,24,4,4,31406,9758,6125,49051,0,0,6602,118966,0,54665,20189,2507,2,3033,8641,0,3113,37072,0,3066,1,0,112,98,305808,0,77489,6840,3645,38,127376,0,,22743
OH,24,5,3,27722,9758,921,36753,0,1,5034,95330,0,49105,21406,1626,0,5377,8247,0,3846,23901,0,3006,2,0,137,67,256470,0,78348,6509,2937,38,80526,0,,16926
OH,24,6,4,32381,9758,8363,41561,0,0,6127,109208,0,59815,23933,1851,2,2012,9654,0,4743,25010,0,2378,0,0,98,67,316937,0,93518,8375,5296,38,93569,2116,,19813
OH,24,7,4,32673,9758,19814,49038,0,0,6778,124792,0,56590,18420,2440,2,3587,15568,0,3430,34524,0,3042,2,2,2848,98,335739,0,65980,7493,4372,38,161752,0,,22170
OH,24,8,4,28203,9758,1839,37447,0,0,4637,95416,0,44855,16498,1584,2,3170,6797,0,3169,26749,0,2918,2,1,70,79,251581,0,60005,8103,3999,38,135630,0,,17818
OH,24,9,3,33964,9758,26510,73859,1,1,7771,168872,0,60665,1955,4560,0,22763,11746,0,343,61222,0,3938,1,0,152,1153,395551,35724536,9824,16246,10293,38,353218,0,,35913
OH,24,10,4,26885,9758,5049,34872,0,0,4449,83585,0,48345,13976,1199,2,1812,8221,0,3622,18669,0,2272,0,0,85,70,253267,0,69258,7305,4560,38,94256,0,,14644
OH,24,11,3,29146,9758,8498,67530,0,1,7361,136780,0,59331,10277,2461,0,25648,10094,0,2345,54296,0,3407,0,0,186,147,345390,15133969,54230,13022,5286,38,175750,0,,19608
OH,24,12,4,42369,9758,51636,76023,1,0,11687,210571,0,69725,3152,10369,2,13418,27267,0,538,50045,0,3741,3,1,1438,936,503410,0,10713,19428,10594,38,441819,0,,48012
OH,24,13,3,26235,9758,10139,57744,0,1,5768,115555,0,46790,8545,2042,0,18396,6553,0,1666,47503,0,3397,0,0,100,172,286194,0,37846,10682,3572,38,176600,0,,19249
OH,24,14,4,31150,9758,26865,85214,1,0,7267,185232,0,70435,3991,4615,2,30296,10877,0,837,82913,0,3493,1,1,409,538,450449,0,20024,11080,11247,38,365259,0,,34280
OH,24,15,4,28356,9758,4854,34169,0,0,4316,81777,0,40650,15155,1336,2,3833,6330,0,3500,19935,0,2366,0,0,74,65,226341,0,61682,5179,3100,38,78455,0,,14980
OH,24,16,4,37500,9758,13886,79203,0,0,7166,163303,0,69445,9481,3089,2,19877,9838,0,1675,67084,0,3238,0,0,141,246,412230,0,44503,11037,6402,38,263100,0,,30973
OH,24,17,4,31958,9758,6250,50565,0,0,6312,120240,0,55400,17607,2429,2,6208,8733,0,3552,39427,0,3024,0,0,114,87,310456,0,72503,7533,3629,38,147955,0,,20781
OH,24,18,4,31282,9758,9078,63499,0,0,4794,120305,0,57085,8728,1925,2,19732,6553,0,2272,41997,0,2970,0,0,78,141,321248,0,45495,8807,5598,38,159886,0,,20291
OH,24,19,4,24248,9758,26982,67629,0,0,5802,130753,0,49674,2573,2651,2,34458,7544,0,543,59988,0,2475,2,0,92,583,316428,0,16551,8445,6599,38,249831,0,,22351
OH,24,20,3,32098,9758,45356,79436,1,1,8919,184197,0,58329,616,6546,0,54786,14699,0,114,70830,0,2901,0,0,259,3657,416860,20426617,686,15087,8235,38,408939,842,,34229
OH,24,21,3,33168,9758,46868,82084,1,0,9217,190337,0,60273,636,6764,0,56612,15189,0,57,73191,0,2901,0,0,268,7557,430755,20426617,709,15590,8510,38,422571,0,,35369
OH,24,22,3,23539,9758,33261,58253,1,1,6541,135078,0,42775,451,4800,0,40176,10779,0,114,51942,0,2901,0,0,190,2682,305697,20426617,503,11064,6039,38,299889,0,,25101
OH,24,23,3,18189,9758,25702,45014,1,1,5054,104378,0,33053,349,3709,0,31045,8329,0,228,40137,0,2901,0,0,147,1036,236220,20426617,389,8549,4667,38,231732,0,,19396
WI,25,0,,,,28182,524384,,,,1396383,,590825,248900,,,,105310,5406,54705,,,,,,2363,63,3434575,,,,41100,39,,,,
WI,25,1,7,31531,3741,3742,64447,0,1,6490,145232,0,54350,17426,2497,3,29764,8668,5406,2477,59770,0,3473,0,0,136,139,343357,0,50460,6621,3956,39,222907,0,458000,25424
WI,25,2,7,35714,3741,1073,52889,0,0,9285,160142,0,62800,28761,4169,3,17838,20593,5406,3987,36474,0,3312,1,0,211,98,389961,0,201771,8086,3599,39,80733,0,,29663
WI,25,3,7,31187,3741,214,30679,0,0,5397,115190,0,56225,41771,1585,3,7983,8586,5406,7566,16240,0,2583,0,0,145,40,300025,0,111019,6536,3654,39,100600,1176,,18933
WI,25,4,7,33536,3741,11065,88218,1,1,9483,192631,0,65320,917,7013,3,41170,14678,5406,120,80273,0,3926,1,0,598,3629,435524,0,,14494,5253,39,413312,0,,36343
WI,25,5,7,33536,3741,11065,88218,1,1,9483,192631,0,65320,917,7013,3,41170,14678,5406,120,80273,0,3926,0,0,598,3629,435524,0,,14494,5253,39,413312,0,,36343
WI,25,6,7,30394,3741,135,54371,0,1,6095,128711,0,53785,22269,2425,3,14817,7314,5406,2662,45507,0,2418,0,0,216,119,315666,0,64417,6642,2544,39,172929,0,,21988
WI,25,7,7,28548,3741,82,37030,0,0,4502,116621,0,58865,36557,2673,3,12993,7103,5406,8108,26501,0,2915,0,0,82,37,303389,0,108500,5691,3914,39,108350,1275,,20402
WI,25,8,7,30564,3741,197,52777,0,1,6498,139607,0,67435,28835,2506,3,13264,8257,5406,6563,40402,0,3015,0,0,182,55,360610,0,89039,8370,4295,39,191024,0,,26707
WI,25,9,7,29647,3741,256,27167,0,0,5047,113120,0,57195,44685,1746,3,12574,8021,5406,8635,15799,0,2470,0,0,109,35,300866,0,129980,5807,3808,39,80530,0,,18008
WI,25,10,9,24889,3741,354,28588,0,1,4268,92499,0,49530,26763,1255,0,23399,7412,5406,14468,13405,0,2561,0,0,87,17,249654,68311332,85295,8645,4824,39,82841,0,,17128
IA,31,0,,,,19692,293120,,,,1020881,,455610,278706,,,,85932,0,56045,,,,,,929,47,2621073,,,,18701,26,,,,
IA,31,1,7,39617,2685,3226,47184,0,0,7480,146140,0,59125,29646,3400,3,9479,16520,0,5946,29844,0,3120,0,0,170,63,372574,0,85347,9278,3277,26,211478,431,329000,29660
IA,31,2,7,43793,2685,1249,50254,0,0,7921,164263,0,72050,44844,3794,3,11930,10334,0,7938,31715,0,3032,0,0,134,52,414421,0,122060,10821,2728,26,205302,0,,32562
IA,31,3,7,36822,2685,3283,46066,0,0,7629,146419,0,64680,40515,2912,3,12798,9796,0,7466,18952,0,3178,0,0,93,49,367137,0,109132,8719,2405,26,178363,0,,28998
IA,31,4,7,31683,2685,1065,26569,0,0,4317,95253,0,45370,32542,1624,3,4796,6958,0,7269,13358,0,2492,0,0,66,35,252926,0,91525,6545,1749,26,95516,0,,16923
IA,31,5,7,33531,2685,8685,42532,0,0,8940,143647,0,56545,15564,8687,3,10188,17807,0,3464,22471,0,3358,0,0,221,101,350784,0,49865,10347,3124,26,253536,1872,,33794
IA,31,6,7,29741,2685,450,25784,0,0,6337,110950,0,56315,42526,2062,3,10647,8010,0,8798,8088,0,3037,0,0,73,34,300341,0,124120,7180,1678,26,89206,0,,21546
IA,31,7,10,29926,2685,821,24703,0,0,5678,99541,0,48325,37184,2312,1,7238,8302,0,7995,5563,0,2670,0,0,79,33,266253,0,103135,9221,1727,26,90602,0,,19309
IA,31,8,10,27885,2685,913,30028,0,0,6652,114668,0,53200,35885,2848,1,15474,8205,0,7169,11993,0,3192,1,0,93,41,296637,0,97466,7302,2013,26,126935,0,,26682
KS,32,0,,,,73158,224263,,,,725509,,319405,160490,,,,73383,2399,82108,,,,,,13387,23,1905299,,,,17888,25,,,,
KS,32,1,10,35573,2087,14018,31804,0,0,7599,121166,0,49990,29615,3444,1,6833,19301,2399,8248,10917,0,2724,3,3,7160,39,319297,0,79926,11098,2568,25,156944,2060,268000,23186
KS,32,2,10,34253,2087,34043,52766,0,0,9324,139937,0,57210,17160,4994,1,8137,12962,2399,4592,27447,0,3042,1,1,913,78,359473,0,52202,17957,3963,25,249670,0,,29231
KS,32,3,11,29283,2087,7390,27769,0,0,4840,82568,0,39100,16339,1751,1,4294,7675,2399,6079,11391,0,2345,0,0,68,37,227270,0,52094,8826,3330,25,120789,0,,17206
KS,32,4,11,42129,2087,13079,56443,0,0,12323,172750,0,72545,28640,5805,1,8047,14771,2399,12247,28702,0,2942,2,2,5030,37,448435,0,83593,14521,3933,25,275207,248,,37686
KS,32,5,11,27846,2087,3275,33997,0,0,9338,117196,0,57340,33892,2479,1,4763,10028,2399,27859,6546,0,3000,1,1,76,11,311283,0,88101,9661,2249,25,118361,0,,24911
KS,32,6,10,25134,2087,1353,21484,0,0,6921,91892,0,43220,34844,1857,1,5218,8646,2399,23083,3109,0,2578,1,1,140,10,239541,0,87823,5674,1845,25,72249,0,,18028
MN,33,0,,,,14022,355237,,,,1185767,,519130,256083,,,,102029,93142,80009,,,,,,2187,37,2982483,,,,41895,39,,,,
MN,33,1,7,33224,3690,194,35405,0,0,7184,133399,0,61300,41843,2583,3,12218,9522,93142,7156,20927,0,2935,0,0,86,47,337730,,111167,6383,3568,39,144296,0,434000,24795
MN,33,2,7,29945,3690,134,30650,0,0,7359,122315,0,85240,45750,2300,3,13436,8283,93142,7804,18004,0,2907,0,0,106,41,321397,0,124360,5918,2791,39,113616,0,,23588
MN,33,3,7,37928,3690,3627,63831,0,0,10463,183829,0,64605,10060,9281,3,33656,17295,93142,2170,42653,0,3555,2,1,636,200,433205,0,32412,16970,6604,39,342790,0,,42310
MN,33,4,7,29696,3690,5748,55177,1,0,8017,148491,0,54140,859,7770,3,26091,15298,93142,160,37506,0,3753,0,0,310,2221,355332,0,1456,18695,5083,39,335798,0,,35066
MN,33,5,7,29431,3690,3481,50816,1,0,8239,149125,0,46780,2054,8498,3,27847,14155,93142,71,34691,0,3833,0,0,577,4765,338290,0,6057,14310,5596,39,306152,904,,36864
MN,33,6,9,28752,3690,169,27417,0,0,5344,118113,0,68090,48483,1435,0,17392,9228,93142,14421,10004,0,2303,0,0,113,23,326328,0,149907,7536,4394,39,71466,1379,,18711
MN,33,7,7,28060,3690,121,21535,0,0,6350,113632,0,60400,52176,1802,3,16134,8175,93142,12687,4185,0,2708,0,0,71,24,305519,0,145965,5659,3062,39,65749,0,,21828
MN,33,8,9,27786,3690,439,50686,0,1,5218,115983,0,19940,8900,2341,0,42730,11949,93142,16468,20743,0,3171,1,0,220,18,291558,87414184,41401,13549,6827,39,178706,0,,22008
MN,33,9,9,23950,3690,110,19721,0,0,5059,100880,0,58635,45958,1316,0,17614,8125,93142,19072,4732,0,2426,0,0,69,14,273125,0,127074,6234,3970,39,66525,0,,17482
MO,34,0,,,,297088,534223,,,,1574167,,628915,261593,,,,124528,643,69226,,,,,,2841,57,3954653,,,,52350,40,,,,
MO,34,1,8,39867,5419,76114,79637,1,0,7597,189934,0,53961,204,7662,7,20653,15568,643,31,61594,0,3205,0,0,477,13681,424114,0,0,18748,8505,40,424114,0,560000,38537
MO,34,2,8,29249,5419,18357,57973,1,0,11460,163644,0,66845,3089,8422,7,15195,12048,643,1100,49630,0,3998,0,0,574,377,414917,0,10281,14802,3453,40,355996,622,,34980
MO,34,3,8,39867,5419,76114,79637,1,0,7597,189934,0,53961,204,7662,7,20653,15568,643,31,61594,0,3205,4,1,477,13681,424114,0,0,18748,8505,40,424114,0,,38537
MO,34,4,10,37004,5419,21517,42718,0,0,8006,134440,0,47044,20627,5538,1,7068,10701,643,5620,22844,0,2796,1,1,169,57,322205,0,62444,13493,4076,40,204568,375,,30382
MO,34,5,10,32852,5419,37380,56761,1,0,9873,160435,0,45761,1714,9008,1,11264,12859,643,151,35455,0,3384,1,0,236,2365,357083,0,5491,19380,5330,40,332802,0,,43420
MO,34,6,10,43807,5419,5760,38785,0,0,7049,128243,0,53760,35865,2922,1,4148,9334,643,8592,18651,0,2470,0,0,170,39,336214,0,104841,10749,3079,40,145381,0,,26582
MO,34,7,11,45837,5419,3657,41447,0,0,7987,147768,0,71950,44795,2827,1,2499,11008,643,10813,20209,0,1862,1,1,167,37,402442,0,154006,11576,4349,40,156287,0,,31029
MO,34,8,8,28204,5419,1599,34334,0,0,4983,94371,0,59225,27974,1001,7,2307,7583,643,13260,17948,0,1900,1,1,106,21,276499,0,115789,5508,2929,40,53338,0,,13753
MO,34,9,8,48579,5419,11173,42269,0,0,7371,137815,0,55325,48947,1931,7,2848,10109,643,13624,22727,0,2050,0,0,177,26,353791,0,145063,8548,3289,40,99793,0,,21565
MO,34,10,8,24732,5419,30473,29124,0,0,5575,109927,0,70830,42379,1317,7,923,6511,643,6402,13661,0,1570,0,0,125,52,332680,0,150341,5944,6106,40,102257,154,,18697
MO,34,11,10,37734,5419,14944,31538,0,0,6949,117656,0,50255,35795,2189,1,2125,13240,643,10206,11604,0,2076,1,1,164,30,310594,0,115240,9368,2730,40,128639,0,,20223
NE,35,0,,,,19234,135647,,,,523329,,225395,149529,,,,50287,15553,76663,,,,,,3455,17,1325510,,,,11680,20,,,,
NE,35,1,10,41132,1635,1794,37070,0,0,10372,146343,0,58600,41321,4314,1,12835,18218,15553,16360,11507,0,2723,3,2,432,23,369970,0,104978,11214,2984,20,169248,248,171000,29895
NE,35,2,10,29876,1635,16699,48560,1,0,8811,141208,0,52875,10023,9088,1,20377,12202,15553,2127,25826,0,3296,2,1,2799,161,341641,0,27085,19366,3491,20,282569,439,,32605
NE,35,3,10,31613,1635,270,22162,0,0,5954,113558,0,50115,52239,1865,1,12216,8542,15553,13572,4863,0,2473,1,0,112,22,298104,0,140211,5998,1957,20,62134,0,,19816
NE,35,4,10,27758,1635,471,27855,0,0,7683,122220,0,63805,45946,2020,1,10668,11325,15553,44588,4719,0,2581,0,0,112,7,315795,0,119161,10244,3248,20,107954,225,,23776
ND,36,0,,,,257,41179,,,,232353,,121215,98455,,,,21761,84547,70057,,,,,,234,9,619636,,,,8811,16,,,,
ND,36,1,9,48196,656,257,41179,0,0,11256,232353,0,121215,98455,4027,0,48382,21761,84547,70057,6519,0,2896,0,0,234,9,619636,0,254487,15577,8811,16,164817,0,73000,42800
ND,36,2,9,48196,656,257,41179,0,0,11256,232353,0,121215,98455,4027,0,48382,21761,84547,70057,6519,0,2896,0,0,234,9,619636,0,254487,15577,8811,16,164817,0,73000,42800
SD,37,0,,,,727,51376,,,,249141,,118410,97190,,,,26254,387528,76536,,,,,,2949,9,652740,,,,6873,14,,,,
SD,37,1,10,42561,593,520,38270,0,0,11558,191414,0,88910,76649,3978,1,23853,17955,387528,35014,9539,0,2750,0,0,157,14,493641,0,200049,10315,4831,14,160882,224,86000,36997
SD,37,2,10,12735,593,207,13106,0,0,3545,57727,0,29500,20541,957,1,6137,8299,387528,41522,2242,0,2443,2,1,2792,4,159099,0,53496,2675,2042,14,55828,980,,9531
VA,40,0,,,,734211,463530,,,,1196676,,3250,164673,,,,173525,0,39893,,,,,,108935,83,3301429,,,,46512,18,,,,
VA,40,1,2,19914,2578,101438,41185,0,1,6906,103646,0,48660,11623,2061,1,2401,16994,0,2833,17079,0,2468,11,6,20993,108,307144,20615577,40338,7256,6632,18,162579,532,433000,18564
VA,40,2,2,18834,2578,111985,60834,0,1,8610,144942,0,66435,2910,4019,1,541,33538,0,908,22459,0,1457,12,2,53771,484,439671,35930337,5251,14290,8834,18,380608,0,,34467
VA,40,3,2,23729,2578,87096,54880,1,0,10630,149630,0,45645,1884,8498,1,85,18028,0,737,31998,0,3316,1,0,591,453,334127,0,10608,14004,6415,18,274175,0,,35928
VA,40,4,2,23363,2578,167139,43133,0,0,7352,119720,0,69580,35409,1625,1,9515,10776,0,7405,28680,0,1558,1,1,6499,46,338514,0,136574,5674,3554,18,87187,0,,18562
VA,40,5,2,20473,2578,76333,50102,0,0,6269,120018,0,69955,33055,1299,1,4820,6706,0,5841,38200,0,1580,0,0,56,54,315249,0,141119,4487,3633,18,77428,0,,14748
VA,40,6,2,25212,2578,46668,54184,0,0,8873,125763,0,53560,10722,2980,1,1186,11328,0,3191,31297,0,2232,0,0,157,101,322181,0,58512,15771,4460,18,188808,2000,,23516
VA,40,7,2,24406,2578,25008,37885,0,0,7615,94024,1,53335,20742,1211,1,1734,7676,0,6181,23155,0,1620,0,0,104,42,258220,0,89911,5098,2830,18,81801,0,,13517
VA,40,8,2,24626,2578,82210,45032,0,1,10562,118619,1,60645,25287,2055,1,3611,13832,0,7608,21103,0,1636,2,0,5532,43,328363,0,110552,7047,3233,18,45835,1081,,18213
VA,40,9,4,21645,2578,12362,48475,0,0,5527,105057,0,77940,21595,1058,2,990,6856,0,4797,16388,0,1809,0,0,83,74,354632,0,129894,6081,4742,18,63308,0,,14156
VA,40,10,2,12322,2578,23972,27820,0,0,10233,115257,1,50585,1446,5292,1,4280,47791,0,448,6706,0,4761,7,2,21149,677,303328,0,7873,10309,2179,18,231732,0,,18186
AL,41,0,,,,979617,384682,,,,1076406,,637895,248121,,,,97635,24530,51078,,,,,,8820,60,3061743,,,,45100,25,,,,
AL,41,1,5,23211,1569,158012,47616,0,1,6891,136531,0,78210,22741,2839,0,2609,15588,24530,7389,25197,0,1930,1,1,1731,50,371119,0,88396,10715,9102,25,193811,0,360000,22769
AL,41,2,5,26096,1569,143403,39673,0,1,7771,132796,0,76360,33898,2883,0,2123,14960,24530,8022,19917,0,1714,3,2,3614,46,370389,0,83224,6735,4198,25,165930,285,,23080
AL,41,3,5,19738,1569,129587,32322,0,0,5317,107767,0,65210,37004,1426,0,513,9799,24530,6339,19928,0,1373,1,1,442,48,303587,0,80020,3330,2761,25,106014,2157,,15769
AL,41,4,5,20336,1569,102468,42512,0,0,4891,103742,0,66790,21983,1520,0,664,10281,24530,5455,28808,0,1788,4,3,1792,55,301665,0,93214,4342,3783,25,106681,0,,14868
AL,41,5,5,19614,1569,48163,45767,0,0,4671,112161,0,65690,31434,1344,0,492,6530,24530,4968,36491,0,1798,1,0,92,63,310683,0,71240,3601,3700,25,113191,0,,14664
AL,41,6,5,18709,1569,102672,26296,0,0,3943,80805,0,53430,25261,976,0,566,8866,24530,6420,14319,0,1401,0,0,100,39,250726,0,88799,3262,2416,25,57743,964,,11021
AL,41,7,5,17988,1569,27237,24941,0,0,3222,84874,0,62490,36740,703,0,562,6085,24530,6331,10700,0,1188,0,0,71,43,273187,0,84675,3334,2599,25,38290,0,,10262
AL,41,8,5,20113,1569,59616,30324,0,0,6023,104620,0,66920,36647,1569,0,568,11592,24530,5036,16881,0,1609,1,0,133,64,321459,0,75047,4992,4943,25,110731,0,,15470
AL,41,9,5,32843,1569,208459,95231,1,0,12042,213110,0,102805,2413,7993,0,5189,13934,24530,1118,52444,0,2722,1,1,845,500,558928,0,95698,18716,11598,25,448546,339,,46245
AR,42,0,,,,426639,183024,,,409,646124,,388350,210153,112,,,52370,131842,52675,1071,,1810,,,1503,36,1909511,,,428,30328,22,,,,1507
AR,42,1,8,25783,999,129245,25110,0,0,4968,131667,0,82580,56581,1383,7,1411,6837,131842,6838,8930,0,1320,1,1,132,60,407480,0,90142,4719,8567,22,99132,0,216000,18870
AR,42,2,11,17530,999,25122,15982,0,0,3525,71319,0,54300,33865,573,1,716,4599,131842,8529,6674,0,1225,0,0,54,26,224278,0,65627,2960,2685,22,32358,0,,9723
AR,42,3,11,30115,999,6546,31318,0,0,7389,111995,0,63520,37929,1739,1,1981,10014,131842,11321,10613,0,1571,1,1,197,29,324123,0,82940,5591,4487,22,102051,254,,20638
AR,42,4,8,26644,999,103114,42443,0,0,6241,114319,0,71635,28024,1398,7,800,8964,131842,12166,22797,0,1597,0,0,217,28,337181,0,107649,6090,4710,22,108917,0,,18406
AR,42,5,11,21960,999,55761,34513,0,0,7526,105868,0,50575,13588,3116,1,1979,13099,131842,4301,14986,0,2212,1,1,207,66,283437,0,54134,9271,4237,22,175902,2520,,23751
AR,42,6,8,26963,999,106851,33658,0,0,5223,110956,0,65740,40166,1454,7,1950,8857,131842,9521,15465,0,1351,3,0,696,35,333012,0,80403,6665,5642,22,112231,0,,17365
FL,43,0,,,,603101,348389,,,,1057489,,448400,116015,,,,107969,20203,54262,,,,,,41282,51,2771305,,,,47864,17,,,,
FL,43,1,5,53194,2644,61204,58000,0,1,15014,161743,0,65430,10743,6024,0,27366,13922,20203,2543,22811,0,2368,1,1,5129,172,436365,0,83682,11498,7916,17,330073,518,435000,44853
FL,43,2,5,19201,2644,83742,48293,1,1,10306,126108,0,50275,1535,6097,0,6327,15951,20203,1375,15750,0,2804,4,2,7860,232,318352,0,61757,15776,5264,17,252630,0,,34074
FL,43,3,5,25033,2644,106285,43416,0,1,9021,128265,0,78700,22233,2416,0,3889,24254,20203,11347,15406,0,2002,11,3,17491,36,404824,0,150705,6325,5200,17,172816,0,,25150
FL,43,4,5,39223,2644,68104,65813,1,1,21757,219082,0,67645,4421,10839,0,54925,17771,20203,3048,15882,0,3107,5,3,9493,172,525041,0,28261,22520,12716,17,492512,446,,62488
FL,43,5,5,40202,2644,96043,44251,0,1,11526,142334,0,59415,21734,4702,0,11218,11621,20203,9545,11488,0,2059,4,3,840,39,371454,0,143803,8751,5844,17,197972,0,,36478
FL,43,6,5,23849,2644,77424,35836,0,1,12832,121467,0,46070,20874,4695,0,17363,8223,20203,11090,7232,0,2374,4,1,220,26,284362,0,83265,6101,5446,17,185880,0,,29481
FL,43,7,5,21500,2644,44236,29326,0,1,5881,86189,0,39015,16102,2308,0,4402,6629,20203,5467,9223,0,2245,0,0,99,40,220479,0,77646,4559,3615,17,121024,0,,20763
FL,43,8,5,15272,2644,66063,23454,0,1,4221,72301,0,41850,18373,1076,0,1667,9598,20203,9847,10535,0,1676,0,0,150,21,210428,0,95490,3077,1863,17,60983,375,,12264
GA,44,0,,,,1062762,498451,,,,1299254,,672445,261437,,,,111622,0,58483,,,,,,37670,59,3444578,,,,44319,15,,,,
GA,44,1,5,21445,2255,144238,40856,0,1,6449,127599,0,73680,31663,2460,0,2325,9937,0,7942,20982,0,1587,2,2,2650,44,350052,0,87274,8887,5494,15,158060,0,402000,18914
GA,44,2,5,18476,2255,118287,27813,0,0,4221,106723,0,76530,40879,1539,0,1981,7120,0,6088,14089,0,1438,0,0,1672,47,285665,0,62049,3892,3258,15,101263,0,,15172
GA,44,3,5,23298,2255,162723,42809,0,0,6306,131818,0,73115,36432,2113,0,1598,12418,0,7831,24265,0,1724,6,4,21164,49,383148,0,101102,5599,4557,15,164030,0,,18488
GA,44,4,5,20517,2255,98507,55119,0,0,6322,118946,0,60890,21623,1565,0,558,7434,0,4657,42111,0,1922,0,0,1177,64,298251,0,99033,4750,3635,15,103144,0,,14747
GA,44,5,5,37732,2255,165177,89372,1,0,19444,264035,0,81040,5433,14018,0,4817,27886,0,1233,48618,0,2939,0,0,2595,510,628324,0,94474,26990,7701,15,504153,300,,59801
GA,44,6,5,21756,2255,133445,47503,0,0,5527,125521,0,64810,25538,2194,0,943,13111,0,6320,29322,0,1673,0,0,397,53,332490,0,81737,6611,4460,15,141051,412,,17498
GA,44,7,5,22232,2255,34964,59575,0,0,7681,124807,0,67960,19052,2179,0,671,8851,0,4236,44709,0,1565,5,2,581,79,333166,0,138372,5943,5583,15,124440,0,,16777
GA,44,8,5,14999,2255,74145,30189,0,1,4283,94690,0,60180,30483,1314,0,832,6602,0,9692,13685,0,3802,2,1,187,28,267014,0,78611,5315,2547,15,90663,0,,12779
GA,44,9,5,17021,2255,17369,36081,0,0,4970,86355,0,51840,24198,787,0,340,5867,0,5384,25303,0,1496,0,0,73,46,246227,0,96695,2872,2732,15,36132,0,,10589
GA,44,10,5,22179,2255,113907,69134,0,0,6678,118760,0,62400,26136,2023,0,1480,12396,0,5100,24726,0,1756,1,1,7174,63,320241,0,83349,5112,4352,15,136511,1545,,16986
LA,45,0,,,,882428,316752,,,,917802,,520140,147299,,,,89209,6769,45162,,,,,,10824,59,2683516,,,,42194,20,,,,
LA,45,1,8,24384,2240,110688,48923,1,1,9347,139539,0,54063,1106,5930,7,8564,15811,6769,2019,18439,0,2465,7,3,2309,174,350480,47082734,3094,18912,8466,20,327793,0,330000,33180
LA,45,2,8,24890,2240,191931,56021,1,1,10474,148988,0,66277,3242,5579,7,8075,15373,6769,1212,25442,0,2341,0,0,1905,324,392722,47082734,9753,19554,8634,20,345355,480,,33846
LA,45,3,8,17765,2240,78051,35478,0,1,6671,96820,0,56510,22536,1227,7,1261,7346,6769,6326,9372,0,1872,1,0,72,47,299747,0,72688,5944,4399,20,118600,0,,18027
LA,45,4,8,23412,2240,135489,38391,0,0,8411,115841,0,64190,18269,2796,7,2303,10017,6769,5256,14582,0,2246,2,1,6141,63,333069,0,74171,8820,3476,20,175607,296,,23933
LA,45,5,8,23000,2240,132099,30793,0,0,7709,103553,0,71230,33062,1373,7,1137,9325,6769,8692,14075,0,1675,0,0,93,37,323891,0,136474,5535,3629,20,97633,0,,17774
LA,45,6,8,26622,2240,153879,48745,0,1,11278,140056,0,79935,27732,2484,7,3974,15110,6769,6480,27006,0,2253,1,1,134,64,417898,16489779,101959,6654,5928,20,199630,0,,25249
LA,45,7,8,17335,2240,85781,34100,0,1,7347,99634,0,68615,24312,1398,7,1423,7270,6769,7429,14018,0,1988,1,1,77,43,315933,15396366,92831,6008,4646,20,137242,0,,18572
LA,45,8,8,18939,2240,72674,24301,0,0,5423,73371,0,59320,17040,1182,7,1359,8957,6769,8099,9543,0,1562,1,1,93,31,249776,0,76485,4353,3016,20,69850,452,,13200
MS,46,0,,,,986494,185822,,,,742827,,455450,295679,,,,58908,15893,47248,,,,,,14069,46,2178914,,,,25976,15,,,,
MS,46,1,5,29405,977,130722,29989,0,0,4991,129468,0,81395,60498,1066,0,508,9707,15893,8872,16649,0,1126,1,0,138,43,383521,0,221428,4558,3284,15,77633,0,224000,16719
MS,46,2,8,20214,977,131906,14847,0,0,3646,85119,0,57385,48695,540,7,597,6479,15893,6744,5886,0,882,0,0,95,39,262838,0,181265,2353,1741,15,27583,0,,9038
MS,46,3,8,26899,977,284906,22582,0,0,4930,138824,0,85880,72602,1308,7,2536,7654,15893,6391,5181,0,881,1,0,147,65,412547,0,255207,3989,7174,15,87657,0,,18327
MS,46,4,8,30130,977,212253,47811,0,0,10959,161528,0,85375,41586,3388,7,1495,14926,15893,7987,23280,0,1655,0,0,293,53,426396,0,145588,9301,5667,15,188890,464,,28003
MS,46,5,5,23005,977,130619,26620,0,0,4168,105000,0,68770,45641,1109,0,536,7913,15893,7987,14987,0,1064,0,0,108,39,311340,0,174239,4505,2485,15,59199,0,,13892
MS,46,6,5,23311,977,96088,43973,0,1,7943,122888,0,76645,26657,1716,0,2220,12229,15893,9267,24355,0,1677,3,1,13288,41,382272,0,119480,6058,5625,15,166200,1298,,22048
NC,47,0,,,,1047353,588233,,,,1512924,,814060,357020,,,,112626,0,49097,,,,,,41996,83,4061929,,,,49572,8,,,,
NC,47,1,5,15106,2408,109581,23077,0,1,4611,84632,0,52050,32090,989,0,540,7246,0,5606,11564,0,1510,1,1,1513,44,247894,0,105339,2401,3868,8,62085,0,481000,13015
NC,47,2,5,16071,2408,158844,26643,0,0,4977,108733,0,68645,46995,1197,0,704,6999,0,3944,14930,0,1663,0,0,81,78,306904,0,156293,3639,4352,8,76406,0,,15194
NC,47,3,5,15985,2408,102462,25277,0,1,4996,94480,0,62970,39090,974,0,985,10620,0,6018,10053,0,1624,2,1,18577,51,308470,0,129772,2505,2838,8,61431,0,,13792
NC,47,4,5,21878,2408,120992,46533,0,0,8783,149608,0,81795,45713,3020,0,1200,13992,0,4484,27564,0,2091,0,0,214,90,401913,0,161781,6589,3295,8,119219,0,,24063
NC,47,5,5,19827,2408,92336,57306,1,0,7258,138825,0,69770,30358,2276,0,944,9063,0,3370,45238,0,2331,0,0,80,105,355088,0,115899,5393,4284,8,145031,0,,19966
NC,47,6,5,20280,2408,92801,80021,0,0,11621,173592,0,65600,11689,4760,0,2233,12957,0,1782,61207,0,2950,0,0,170,224,398351,0,51184,7645,6320,8,238313,360,,32383
NC,47,7,5,18574,2408,121942,37311,0,1,7494,131458,0,79885,45979,1714,0,1979,10916,0,5096,19061,0,1869,5,3,18968,77,394214,0,145820,6297,4365,8,106270,356,,21495
NC,47,8,5,21687,2408,86142,60011,0,0,7663,135706,0,80085,33354,1277,0,774,8165,0,5711,44817,0,1890,0,0,344,65,369455,0,148431,5420,3445,8,77668,0,,17994
NC,47,9,5,20215,2408,41582,69818,0,0,7056,134387,0,69020,21422,1392,0,635,7330,0,3575,56391,0,2265,0,0,53,95,338907,0,109454,6495,4361,8,119761,245,,18440
NC,47,10,5,19107,2408,62632,65602,0,0,9785,148430,0,65130,12393,4179,0,1891,9429,0,2229,46145,0,2693,2,0,1839,162,360318,0,68043,9840,3985,8,178188,0,,30757
NC,47,11,5,16494,2408,37903,58768,0,0,5295,114535,0,62420,20132,1126,0,674,5949,0,2833,49199,0,2135,0,0,54,104,295724,0,92427,3849,4413,8,105080,0,,14734
NC,47,12,5,20073,2408,20136,37866,0,0,6849,98538,0,56690,17805,1510,0,1729,9960,0,4449,22783,0,2024,0,0,103,64,284691,0,92117,5302,4046,8,78649,0,,16887
SC,48,0,,,,822077,297825,,,,782066,,448955,195043,,,,61894,0,30305,,,,,,16111,70,2117027,,,,26688,9,,,,
SC,48,1,5,17777,900,178970,36772,0,1,5887,113735,0,74230,28997,2070,0,2242,15364,0,6490,22508,0,1675,8,1,11952,53,345953,0,95289,5380,5573,9,136073,0,240000,18405
SC,48,2,5,23756,900,186884,46686,0,0,9512,148732,0,85305,35887,4018,0,1678,15743,0,5656,24672,0,1850,3,3,3721,74,415893,0,118241,6893,4493,9,188654,533,,26897
SC,48,3,5,19506,900,83138,58158,0,0,6754,121365,0,69865,24426,1376,0,587,8210,0,4854,46456,0,2066,0,0,85,63,307719,0,110132,3353,3221,9,92860,0,,15656
SC,48,4,5,21368,900,89755,81649,0,0,9225,161773,0,75745,17111,2634,0,1247,8958,0,2835,63755,0,2544,1,1,172,140,396809,0,80043,7169,5878,9,178294,0,,26722
SC,48,5,5,15034,900,96898,45314,0,0,5196,101663,0,57140,23037,1159,0,482,6122,0,4446,36644,0,1988,0,0,57,60,266559,0,97864,2652,3486,9,87498,0,,12319
SC,48,6,5,17564,900,186432,29246,0,1,5392,134798,0,86670,65585,1834,0,722,7497,0,6024,16654,0,1378,1,0,124,64,384094,0,199042,4088,4037,9,94542,0,,17390
TX,49,0,,513420,9204,977458,975969,0,1,,2870605,0,1316185,427039,,,,269793,692305,263513,,0,,0,0,101829,29,7711194,0,1292267,,112162,17,4838060,0,,
TX,49,1,13,24300,9204,77853,29096,0,0,5466,94772,0,50455,25436,1658,0,859,12151,692305,7158,10308,0,1756,0,0,249,39,276945,0,96273,5837,3720,17,100984,0,1113000,18230
TX,49,2,13,23894,9204,86183,65750,0,1,11528,148565,0,74765,11206,3118,0,3989,10781,692305,9058,41229,0,2839,0,0,937,44,401003,44440524,58165,10974,8237,17,238928,0,,30232
TX,49,3,13,20311,9204,70683,34677,0,0,7677,99581,0,53335,19057,2200,0,1080,8422,692305,5404,10291,0,2233,0,0,69,50,271020,0,81209,6858,3397,17,102994,0,,20903
TX,49,4,13,24108,9204,26795,19829,0,0,4728,66304,0,32530,17262,1368,0,912,6510,692305,3941,7385,0,1964,0,0,2300,47,186043,0,71082,5426,2793,17,90137,649,,13067
TX,49,5,13,36146,9204,82922,92399,0,0,25565,276000,0,85845,3348,18552,0,10394,19776,692305,893,49951,0,3433,2,1,1162,688,614799,0,11517,26350,7908,17,552127,344,,75138
TX,49,6,13,22482,9204,61331,21083,0,0,5029,78153,0,67910,23428,1389,0,29113,8960,692305,7415,6591,0,1883,0,0,149,31,228112,0,75822,5166,3116,17,89592,0,,14303
TX,49,7,13,22993,9204,76173,27382,0,0,4590,82007,0,48175,22780,1046,0,1157,7846,692305,10829,13023,0,1602,0,0,46,23,248329,0,88971,5384,2059,17,76332,0,,14300
TX,49,8,13,37918,9204,149286,130197,0,0,33145,337555,0,126115,3540,14713,0,19819,20636,692305,1730,72647,0,3476,0,0,2916,466,806701,47037718,9523,35663,12363,17,726214,986,,82363
TX,49,9,13,28030,9204,78376,53048,0,1,12406,154843,0,87795,32770,3637,0,13168,12540,692305,12756,18014,0,2667,0,0,515,32,406311,0,94220,12622,5673,17,180469,0,,28541
TX,49,10,13,25925,9204,52981,29572,0,0,10419,113971,0,51380,22802,3148,0,9392,19529,692305,7896,6683,0,2335,2,2,2463,40,314467,0,67323,6206,3791,17,189039,0,,24885
TX,49,11,13,23463,9204,49304,33062,0,0,8410,111156,0,34535,23941,2830,0,5299,12978,692305,6834,10462,0,2182,5,4,14902,47,324139,0,60069,7170,4079,17,150268,2979,,25220
TX,49,12,13,29922,9204,41730,67853,1,0,13690,173112,0,61995,8376,6288,0,4932,14090,692305,3144,40073,0,3120,2,2,5277,134,422000,0,32100,15832,4893,17,344268,0,,42869
TX,49,13,11,23550,9204,14125,37372,0,0,8569,110035,0,45895,20399,2596,1,1941,10992,692305,14373,8550,0,2614,1,1,13138,21,307550,0,64351,7343,3939,17,160789,0,,24457
TX,49,14,13,24792,9204,23920,51365,0,1,13399,157699,0,85765,34661,3180,0,17917,14683,692305,17485,12226,0,2459,5,1,5619,26,457290,15573586,88957,9931,8717,17,271393,0,,32987
TX,49,15,13,21557,9204,2097,39345,0,1,9411,153372,0,82725,48899,2561,0,71096,11602,692305,25281,8670,0,1581,3,3,164,18,462898,0,79523,9642,11739,17,268708,0,,32451
TX,49,16,12,13933,9204,9449,45737,0,0,11251,119404,0,34955,9218,3235,0,4955,12731,692305,34952,9343,0,3252,3,2,15998,10,344233,0,22386,13146,4521,17,236588,0,,28359
TX,49,17,13,21696,9204,6877,27371,0,0,6588,85019,0,37960,17410,2208,0,1732,6830,692305,11181,6885,0,2457,1,1,89,20,226739,0,55683,6311,2696,17,118537,0,,19826
TX,49,18,11,15924,9204,8787,39021,0,0,9925,114479,0,56025,20557,2891,1,2696,9236,692305,27513,11019,0,3280,1,1,103,11,289449,0,56473,10288,3853,17,169101,156,,27136
TX,49,19,13,18613,9204,19191,44195,0,0,12343,136936,0,73945,33417,3128,0,3572,10941,692305,25986,6901,0,3079,2,2,2197,14,372223,0,102598,8331,4871,17,178374,181,,30607
TX,49,20,13,30150,9204,32565,61948,1,0,14292,166492,0,77785,4469,7099,0,34857,29992,692305,1247,18302,0,2724,8,4,31007,401,500460,0,12461,12685,6526,17,449521,0,,46410
TX,49,21,13,23713,9204,6830,25667,0,0,7845,91150,0,46295,24063,1993,0,7388,8567,692305,28437,4356,0,2283,1,0,2529,9,250483,0,63561,6005,3271,17,143697,0,,20392
TX,49,99,,513420,9204,977458,975969,0,1,,2870605,0,1316185,427039,,0,246268,269793,692305,263513,,0,2457,0,0,101829,29,7711194,0,1292267,,112162,17,4838060,0,,
KY,51,0,,,,201921,351968,,,,991071,,539380,243563,,,,74141,0,39864,,,,,,22185,74,2944806,,,,36004,25,,,,
KY,51,1,4,31078,2010,32159,33888,0,0,5582,106285,0,56890,33896,1474,2,735,7694,0,6300,14669,0,1645,2,2,4275,49,308054,0,120278,7934,4129,25,80291,0,356000,17632
KY,51,2,4,30890,2010,20940,34973,0,0,6219,108194,0,61050,35244,1564,2,598,7341,0,6159,13962,0,1704,0,0,113,51,315588,0,124422,5357,4118,25,94225,0,,14857
KY,51,3,4,38060,2010,62620,83275,1,0,11778,198641,0,73355,2411,7568,2,6043,17052,0,375,58329,0,3247,0,0,896,1292,484615,0,10367,20162,8382,25,419183,500,,40282
KY,51,4,4,22510,2010,19225,19686,0,0,4843,87194,0,48295,42522,1005,2,948,6561,0,5776,8108,0,1700,1,1,16499,48,275145,0,143517,3354,1904,25,34758,0,,9637
KY,51,5,4,28065,2010,9259,41833,0,0,6225,113627,0,48325,20403,3993,2,2714,6658,0,2938,24889,0,2690,0,0,92,100,293928,0,66521,12120,3749,25,165525,395,,21935
KY,51,6,4,34934,2010,40233,34180,0,0,9121,137029,0,61440,42633,2720,2,1878,15322,0,5233,12013,0,2085,2,0,152,73,380806,0,132548,7580,4476,25,150773,1159,,19830
KY,51,7,4,25946,2010,6562,60043,0,0,5015,130058,0,108005,30764,1072,2,1080,7474,0,6687,10826,0,1747,0,0,98,73,487180,0,204446,9881,5455,25,73051,0,,15775
KY,51,8,4,23760,2010,10923,44090,0,0,5234,110043,0,82020,35690,828,2,882,6039,0,6396,8060,0,1427,0,0,60,62,399490,0,172071,6250,3791,25,66254,0,,13502
MD,52,0,,,,385972,371454,,,,938305,,372015,52378,,,,129278,0,9881,,,,,,34747,237,2343001,,,,43530,26,,,,
MD,52,1,2,21025,2536,49233,36034,0,1,6258,87271,0,36030,17256,1566,1,2910,6753,0,3383,18733,0,2623,0,0,408,62,210623,0,49979,4771,4415,26,45595,1830,335000,15495
MD,52,2,2,23205,2536,25366,60585,0,1,11355,138838,1,59480,9887,4728,1,10111,16801,0,1514,44998,0,3184,6,0,5463,242,366962,45823878,38144,10844,3747,26,208777,491,,20879
MD,52,3,2,21786,2536,69781,52782,1,1,7818,128865,1,42693,170,5226,1,12747,11514,0,26,35222,0,1916,2,1,639,11323,294409,45823878,0,12741,7504,26,294409,0,,27009
MD,52,4,2,23192,2536,74283,56187,1,0,8323,137179,1,45448,181,5563,1,12747,12257,0,26,37494,0,1916,0,0,680,12054,313404,45823878,0,13563,7988,26,313404,0,,28752
MD,52,5,2,22837,2536,81739,59560,1,1,15804,163225,1,75203,12683,5083,1,12747,42312,0,2197,23640,0,3574,9,1,23104,208,456301,45823878,48402,12945,5412,26,208263,0,,27214
MD,52,6,2,30771,2536,18041,55226,0,0,11146,158219,1,71845,12037,4950,1,8149,28499,0,2708,29029,0,2209,3,2,3835,154,416389,0,46951,15138,7201,26,230611,0,,28149
MD,52,7,2,21083,2536,67530,51080,1,1,7566,124708,1,41316,164,5057,1,12747,11143,0,26,34085,0,1916,0,0,618,10958,284912,45823878,0,12330,7262,26,284912,0,,26138
OK,53,0,,,,145503,237262,,,12070,713123,,425575,151763,7069,,,92414,23817,69031,14630,,,,,83547,32,2233351,,,11075,29612,17,,,,35543
OK,53,1,11,35452,2162,24174,53950,1,0,13621,172930,0,75640,19789,6591,1,5101,13371,23817,9219,26529,0,3046,1,0,2491,48,439518,0,60365,14863,5813,17,299265,0,306000,40641
OK,53,2,11,37653,2162,33370,37403,0,0,9171,126975,0,82910,32297,2391,1,2200,13238,23817,12116,12464,0,1934,2,1,146,33,394872,0,132017,7144,5953,17,148011,346,,22514
OK,53,3,11,26240,2162,20394,22987,0,0,4677,80328,0,57975,24335,1234,1,1369,9846,23817,12356,6317,0,1533,0,0,180,22,266995,0,100952,4684,3637,17,78348,0,,15019
OK,53,4,11,27973,2162,22767,31992,0,0,6773,96736,0,58380,19745,1909,1,1659,12509,23817,7503,7350,0,2117,0,0,142,39,294577,0,81685,6143,3648,17,138388,0,,19326
OK,53,5,11,30570,2162,28734,58199,1,0,14704,172088,0,71225,10392,7810,1,4225,29857,23817,3514,16242,0,3179,2,1,2376,124,436620,0,38656,13899,5394,17,332637,285,,39502
OK,53,6,11,36034,2162,16064,32731,0,0,9404,134066,0,79445,45205,2426,1,3291,13593,23817,24323,5217,0,2329,2,2,8212,16,400769,0,139391,6381,5167,17,142832,0,,26845
TN,54,0,,,,530603,417475,,,,1182068,,617610,244455,,,,107379,0,41797,,,,,,17541,79,3291718,,,,46422,23,,,,
TN,54,1,6,27305,2488,12270,53821,0,0,9435,146668,0,88015,39765,1676,2,997,11435,0,5220,35659,0,1920,0,0,214,83,434171,0,176189,7044,5834,23,126503,600,425000,22531
TN,54,2,6,27394,2488,28895,67462,0,0,13937,159929,0,92085,14506,2897,2,1712,16747,0,3769,40479,0,2386,1,0,240,124,468080,0,93178,10734,8700,23,227652,0,,30951
TN,54,3,6,25022,2488,49588,58705,0,0,7392,136733,0,73860,15274,3509,2,1720,11707,0,4518,40340,0,2084,0,0,160,84,380649,0,78022,9287,6157,23,192309,0,,24983
TN,54,4,6,31969,2488,28340,38111,0,0,8174,129725,0,83880,51405,1309,2,680,11364,0,8881,19805,0,1414,1,0,1843,44,390363,0,207363,4720,3838,23,71358,1085,,17258
TN,54,5,6,23227,2488,64381,49704,0,0,10711,131636,0,49265,2586,6004,2,2315,13819,0,533,28798,0,2887,1,1,573,604,321758,0,12010,11960,4038,23,258887,567,,30380
TN,54,6,6,26283,2488,43281,33421,0,0,7361,107522,0,59825,39712,1324,2,719,9070,0,8123,17639,0,1514,0,0,6755,39,318449,0,154905,4862,3019,23,61728,0,,15048
TN,54,7,6,21315,2488,61828,22378,0,0,5038,84542,0,48970,34751,927,2,346,7489,0,5847,10136,0,1371,0,0,94,42,247912,0,127468,4692,2659,23,52032,0,,12068
TN,54,8,8,21033,2488,62018,19525,0,0,4164,84709,0,49785,38646,898,7,379,6133,0,4155,8765,0,1513,0,0,151,60,247943,0,137447,2870,2766,23,51393,0,,12265
TN,54,9,8,31356,2488,180002,74348,1,0,13772,200604,0,71925,7810,7133,7,4978,19615,0,751,37806,0,2763,5,2,7511,642,482393,0,29622,19583,9411,23,410730,1250,,52597
WV,56,0,,,,114867,325337,,,,659613,,405480,60410,,,,52750,0,24080,,,,,,629,83,2005552,,,,31456,45,,,,
WV,56,1,4,23393,1139,9065,54400,0,0,4307,104137,0,41180,4680,1889,2,13325,6474,0,1425,34103,0,2989,0,0,82,196,279954,0,33580,8637,4661,45,167256,0,276000,19739
WV,56,2,4,24750,1139,9255,43312,0,0,4985,97612,0,60825,17302,1010,2,4401,10820,0,7783,15340,0,2152,0,0,91,39,302297,0,91380,7223,4648,45,69063,857,,13173
WV,56,3,4,25251,1139,13374,48122,0,0,4324,98325,0,65150,13751,1167,2,4733,7977,0,4954,13500,0,2280,0,0,41,64,315479,0,94950,6086,4427,45,67347,188,,14736
WV,56,4,4,27546,1139,6099,45455,0,0,7453,112211,0,82170,14822,2118,2,2008,10114,0,3714,25577,0,2414,0,0,134,89,330906,0,93211,11460,5937,45,148642,180,,20924
WV,56,5,4,17016,1139,40980,56333,0,0,4261,100049,0,64285,7348,1093,2,3707,6817,0,3735,6191,0,2409,0,0,61,88,330450,0,64030,9617,4744,45,69348,0,,14472
WV,56,6,4,20570,1139,36094,77715,0,0,7241,147279,0,91870,2507,2717,2,5337,10548,0,2469,23790,0,2998,1,0,220,181,446466,0,33771,10296,7039,45,172831,194,,27480
AZ,61,0,,,,25974,83366,,,,258216,,143245,32946,,,,30741,14522178,113575,,,,,,7273,7,749587,,,,19521,28,,,,
AZ,61,1,14,20495,657,14409,34531,0,0,9421,117997,0,62895,12391,4541,1,18229,13704,14522178,9226,9983,0,2892,4,4,3255,36,331770,0,67693,8473,9574,28,237983,183,109000,30198
AZ,61,2,14,23746,657,11565,48835,0,0,11023,140219,0,80350,20555,2735,1,26075,17037,14522178,104349,11003,0,2689,5,2,4018,4,417817,0,188980,12659,9947,28,178017,0,,27617
CO,62,0,,,,10545,153736,,,,497648,,223855,70162,,,,61816,8712879,103922,,,,,,15431,13,1325089,,,,21004,28,,,,
CO,62,1,10,39173,1511,15059,52940,1,0,1755,174072,0,56030,989,9656,1,22569,21050,8712879,66,27943,0,3554,3,1,6338,6300,415786,0,0,19569,6854,28,415786,489,205000,54404
CO,62,2,10,31467,1511,1194,43054,0,0,14083,144634,0,82140,33659,3395,1,17451,18224,8712879,29250,13276,0,2951,2,0,4053,14,401112,0,122677,12254,5319,28,182189,0,,26416
CO,62,3,12,30633,1511,3642,38173,0,0,7599,114661,0,51795,18844,2796,0,13713,14063,8712879,31541,13822,0,2680,5,2,4981,11,334893,0,95728,10731,5750,28,185155,781,,21517
CO,62,4,14,14319,1511,282,19569,0,0,4768,64281,0,33890,16670,1104,1,5383,8479,8712879,43065,3238,0,2539,0,0,59,4,173298,0,77185,4904,3081,28,48188,152,,11952
ID,63,0,,,,476,64003,,,192,217895,,117670,54331,53,,,21907,11979260,82769,683,,3059,,,414,7,588637,,,182,11902,22,,,,588
ID,63,1,17,20944,544,168,27424,0,0,4790,86778,0,45275,22010,1415,1,8625,8229,11979260,40618,9701,0,2774,0,0,115,6,231896,0,83677,5651,5816,22,95512,0,79000,14226
ID,63,2,17,22593,544,882,36579,0,0,10519,131117,0,72395,32321,3518,1,10777,13678,11979260,42093,8605,0,3074,2,1,299,8,356741,0,87451,12744,6086,22,157037,235,,28236
MT,64,0,,,,1232,66661,,,,230143,,105200,53368,,,,25295,7844113,145878,,,,,,2008,4,591024,,,,11683,48,,,,
MT,64,1,10,23303,690,517,34406,0,0,6486,100280,0,43620,15277,2260,1,18289,12627,7844113,47953,11422,0,3151,0,0,197,5,258347,0,41655,9353,5789,48,123754,199,84000,19077
MT,64,2,10,27558,690,715,32240,0,0,8283,129833,0,61570,38091,2758,1,24069,12662,7844113,97656,7093,0,3058,1,1,1811,3,332619,0,94284,13152,5893,48,134280,95,,26361
NV,65,0,,,,4302,21148,,,,68206,,25530,6218,,,,9571,47712200,109789,,,,,,2724,1,160083,,,,4571,31,,,,
NV,65,1,15,10986,240,4302,21148,0,0,5499,68206,0,25530,6218,1543,0,10581,9571,47712200,109789,3255,0,3613,6,4,2724,1,160083,0,13461,5882,4571,31,91625,145,28000,13392
NM,66,0,,,,8408,70284,,,,218276,,140310,37092,,,,32103,14651141,121511,,,,,,11624,6,681187,,,,11732,14,,,,
NM,66,1,12,33064,470,8408,70284,0,0,23380,218276,0,140310,37092,4550,0,,32103,14651141,121511,12146,0,2587,7,4,11624,6,681187,0,131823,16983,11732,14,341889,493,96000,43188
NM,66,2,12,33064,470,8408,70284,0,0,23380,218276,0,140310,37092,4550,0,15704,32103,14651141,121511,12146,0,2587,7,4,11624,6,681187,0,131823,16983,11732,14,341889,493,96000,43188
UT,67,0,,,,2729,86480,,,2296,241487,,143495,27727,528,,,38239,24984058,82346,6170,,3130,,,1567,8,688862,,,1771,12621,27,,,,4599
UT,67,1,14,17444,746,1258,31840,0,0,5370,95863,0,65270,20957,1531,1,9166,17098,24984058,72405,6319,0,2844,1,0,226,4,286552,0,57238,8608,5072,27,130025,0,100000,16002
UT,67,2,15,24974,746,1471,54640,0,0,9339,145624,0,78225,6770,5260,0,20325,21141,24984058,9941,15443,0,2808,6,2,1341,40,402310,0,23382,11541,7549,27,319830,696,,29989
WY,68,0,,,,2557,37735,,,,112666,,51970,21662,,,,14695,19398526,97506,,,,,,6879,3,290529,,,,4830,28,,,,
WY,68,1,10,18165,334,2557,37735,0,0,9087,112666,0,51970,21662,2325,1,13167,14695,19398526,97506,6488,0,3482,1,1,6879,3,290529,0,178581,13916,4830,28,144618,858,40000,20046
CA,71,0,,,,462172,1412071,,,,4237703,,1601955,264021,,,,491303,21496568,156740,,,,,,173235,68,10586223,,,,335425,37,,,,
CA,71,1,16,35183,17766,4400,47479,0,1,10657,133746,0,57000,16574,4195,1,33805,16319,21496568,12232,25574,0,3500,5,4,4846,30,365281,0,157542,8627,6457,37,159695,0,1832000,27864
CA,71,2,16,30641,17766,3268,49695,0,0,9520,126497,0,58205,15281,2232,1,18848,16704,21496568,53442,21702,0,3217,1,0,143,6,329060,0,191378,13124,10601,37,90468,0,,22930
CA,71,3,16,30567,17766,8351,48267,0,0,12413,160450,0,63680,19488,5020,1,32093,33031,21496568,5734,13333,0,3641,4,3,4374,69,395538,0,92184,14655,12645,37,259031,0,,31996
CA,71,4,16,37217,17766,21751,51339,1,1,9344,179530,0,42303,382,13497,1,65398,21919,21496568,23,27932,0,3923,5,4,10419,16856,387679,0,0,19275,14222,37,387679,0,,44138
CA,71,5,16,37217,17766,21751,51339,1,1,9344,179530,0,42303,382,13497,1,65398,21919,21496568,23,27932,0,3923,3,2,10419,16856,387679,0,0,19275,14222,37,387679,0,,44138
CA,71,6,16,17301,17766,28627,59324,1,1,11264,142437,0,66925,5752,4445,1,26188,25287,21496568,1561,39674,1,3766,7,1,27495,259,403817,0,90998,10420,12579,37,297692,0,,26091
CA,71,7,16,31834,17766,34721,51998,0,1,9882,156091,0,51113,2134,7477,1,36182,23865,21496568,367,28558,0,3870,0,0,4506,1009,370158,0,3798,15317,13615,37,350539,0,,31768
CA,71,8,16,31834,17766,34721,51998,0,1,9882,156091,0,51113,2134,7477,1,36182,23865,21496568,367,28558,0,3870,4,1,4506,1009,370158,0,3798,15317,13615,37,350539,0,,31768
CA,71,9,16,14754,17766,2395,30247,0,1,8826,93277,0,35330,1926,5413,1,24714,9215,21496568,454,16760,0,4467,0,0,1314,519,235659,0,14627,11787,3120,37,219387,712,,22767
CA,71,10,16,36952,17766,1947,45675,0,1,12176,141739,0,57470,15620,4817,1,41223,13323,21496568,3140,22075,0,3546,1,0,2319,118,371451,0,68935,8779,12089,37,263964,1401,,31681
CA,71,11,16,26290,17766,8189,36253,0,0,7881,129528,0,56665,26206,2808,1,32806,14888,21496568,2916,14966,0,3180,1,0,321,112,327981,0,83790,8850,14701,37,191206,440,,25662
CA,71,12,16,25224,17766,16806,36683,0,0,10625,140074,0,73565,32642,3424,1,34363,13223,21496568,10116,11104,0,3084,1,1,3009,38,383259,0,104187,8801,14663,37,191788,249,,29453
CA,71,13,16,29194,17766,6624,46806,0,1,11592,152510,0,62765,24610,3848,1,39153,19352,21496568,11252,8821,0,3469,8,2,14986,35,394782,0,127587,7901,12274,37,222807,0,,35704
CA,71,14,16,23688,17766,17229,43884,0,0,9600,157268,0,86205,34226,2809,1,21138,17259,21496568,14410,10137,0,3182,2,1,2784,29,424341,0,149772,9111,20455,37,200447,0,,29763
CA,71,15,16,31358,17766,18084,50642,1,0,9999,144858,0,49321,1915,6949,1,35006,13242,21496568,339,34008,0,3668,0,0,1007,1016,344590,19263958,1782,9828,10636,37,335975,0,,30937
CA,71,16,16,31358,17766,18084,50642,1,1,9999,144858,0,49321,1915,6949,1,35006,13242,21496568,339,34008,0,3668,0,0,1007,1016,344590,19263958,1782,9828,10636,37,335975,0,,30937
CA,71,17,16,31358,17766,18084,50642,1,1,9999,144858,0,49321,1915,6949,1,35006,13242,21496568,339,34008,0,3668,0,0,1007,1016,344590,19263958,1782,9828,10636,37,335975,0,,30937
CA,71,18,16,31358,17766,18084,50642,1,1,9999,144858,0,49321,1915,6949,1,35006,13242,21496568,339,34008,0,3668,0,0,1007,1016,344590,19263958,1782,9828,10636,37,335975,1600,,30937
CA,71,19,16,31358,17766,18084,50642,1,0,9999,144858,0,49321,1915,6949,1,35006,13242,21496568,339,34008,0,3668,0,0,1007,1016,344590,19263958,1782,9828,10636,37,335975,0,,30937
CA,71,20,16,31358,17766,18084,50642,1,0,9999,144858,0,49321,1915,6949,1,35006,13242,21496568,339,34008,0,3668,0,0,1007,1016,344590,19263958,1782,9828,10636,37,335975,0,,30937
CA,71,21,16,31358,17766,18084,50642,1,0,9999,144858,0,49321,1915,6949,1,35006,13242,21496568,339,34008,0,3668,0,0,1007,1016,344590,19263958,1782,9828,10636,37,335975,0,,30937
CA,71,22,16,31358,17766,18084,50642,1,0,9999,144858,0,49321,1915,6949,1,35006,13242,21496568,339,34008,0,3668,0,0,1007,1016,344590,19263958,1782,9828,10636,37,335975,0,,30937
CA,71,23,16,31358,17766,18084,50642,1,0,9999,144858,0,49321,1915,6949,1,35006,13242,21496568,339,34008,0,3668,0,0,1007,1016,344590,19263958,1782,9828,10636,37,335975,0,,30937
CA,71,24,16,31358,17766,18084,50642,1,0,9999,144858,0,49321,1915,6949,1,35006,13242,21496568,339,34008,0,3668,0,0,1007,1016,344590,19263958,1782,9828,10636,37,335975,0,,30937
CA,71,25,16,31358,17766,18084,50642,1,0,9999,144858,0,49321,1915,6949,1,35006,13242,21496568,339,34008,0,3668,0,0,1007,1016,344590,19263958,1782,9828,10636,37,335975,0,,30937
CA,71,26,16,31358,17766,18084,50642,1,1,9999,144858,0,49321,1915,6949,1,35006,13242,21496568,339,34008,0,3668,0,0,1007,1016,344590,19263958,1782,9828,10636,37,335975,0,,30937
CA,71,27,16,24546,17766,7048,38282,0,0,8146,98684,0,49150,9018,2649,1,20013,12997,21496568,20131,14411,0,3125,0,0,3970,14,281642,0,77957,10647,6742,37,187056,0,,22615
CA,71,28,16,43525,17766,9404,58749,1,1,14279,169379,0,73258,12257,6274,1,18839,23686,21496568,2379,24372,0,3388,5,3,33098,208,494628,0,26306,8913,11679,37,403412,0,,36693
CA,71,29,16,19320,17766,8544,23124,0,0,5939,84684,0,41320,17570,2181,1,21723,9225,21496568,11463,5998,0,2815,6,1,4879,20,233021,0,73612,5957,7104,37,128908,0,,19195
CA,71,30,16,22551,17766,8515,30781,1,1,6843,90915,0,39358,4753,3635,1,18839,15690,21496568,2661,11953,0,3456,3,1,27713,105,278404,0,12045,4924,6500,37,257245,0,,19691
OR,72,0,,,,11529,224765,,,,616733,,253185,67460,,,,60589,15630637,96315,,,,,,2862,16,1521341,,,,40223,44,,,,
OR,72,1,17,38938,1765,507,61683,0,1,11454,169143,0,76005,27054,4151,1,23210,19441,15630637,9461,37928,0,3156,8,5,1912,46,434414,0,97624,9229,10137,44,165275,0,242000,29721
OR,72,2,17,18259,1765,762,33636,0,0,7784,100193,0,44695,23212,1774,1,8637,10334,15630637,66826,15634,0,3286,1,0,96,4,247383,0,61101,7812,5364,44,100867,0,,17996
OR,72,3,17,48539,1765,9857,66457,1,0,14314,206390,0,65660,2995,10624,1,40676,19387,15630637,424,33429,0,3651,1,0,583,1112,471537,0,6277,23305,16429,44,425968,542,,55060
OR,72,4,17,27285,1765,403,62989,0,1,9375,141007,0,66825,14199,3024,1,10925,11427,15630637,19604,43618,0,3315,1,0,271,19,368007,0,63233,9259,8293,44,127208,660,,26390
WA,73,0,,,,30691,326815,,,,900746,,376940,75241,,,,114719,1595975,66786,,,,,,56865,36,2378963,,,,60684,54,,,,
WA,73,1,17,54887,2260,13414,86180,1,0,16151,249698,0,86752,4709,12770,1,64452,37315,1595975,669,50980,0,3843,0,0,11188,924,618138,0,21681,23481,18330,54,502102,300,349000,54209
WA,73,2,17,29131,2260,651,40050,0,1,6741,99835,0,49079,12328,2270,1,26388,10334,1595975,10195,23332,0,3015,6,2,4593,28,281254,0,54996,6741,6614,54,121921,0,,17708
WA,73,3,17,28059,2260,1237,55646,0,1,7520,120660,0,58080,9879,2345,1,20831,14288,1595975,10685,39340,0,3304,0,0,960,30,321162,0,54654,8064,7229,54,147532,525,,20614
WA,73,4,17,25839,2260,3656,41347,0,0,16642,136292,0,63320,27476,2687,1,16114,16159,1595975,21742,15316,0,3402,3,2,1670,16,357416,0,70733,9854,9933,54,181061,0,,24117
WA,73,5,17,33269,2260,1538,42496,0,0,10319,129877,0,56770,16272,4726,1,20900,14024,1595975,20218,16792,0,3441,5,3,3670,17,341869,0,51464,13214,7687,54,208481,132,,29204
WA,73,6,17,40125,2260,10194,61096,0,0,11576,164384,0,62939,4578,7264,1,42794,22599,1595975,3538,32670,0,3552,14,5,34784,130,459124,0,20243,15532,10890,54,342424,904,,34670
WA,73,99,,,2260,30691,326815,0,0,,900746,0,376940,75241,,1,191479,114719,1595975,66786,,0,3422,4,3,56865,36,2378963,0,,,60684,54,,310,,
