STATE,FIPSTATE,SC,CD,REDIST,ACEREGIO,AGE65,BANK,BLACK,BLUCLLR,CITY,COAST,CONSTRUC,CVLLBRFR,DC,ENROLL,FARMER,FEDWRKR,FINANCE,FLOOD,FORBORN,GVTWRKR,INTRLAND,LANDSQMI,LOCLWRKR,MANUF,MARINE,MDNINCM,MILTINST,MILTMAJR,MILTPOP,NUCPLANT,POPSQMI,POPULATN,PORT,RURLFARM,STATWRKR,TRANSPRT,UNEMPLYD,UNION,URBAN,VABEDS,VETERANS,WHLRETL
CT,9,1,1,0,1,78525,32900,77639,29393,0,0,14113,294722,0,75910,2303,5354,47627,24.753351,58172,39895,4602,472,19075,45431,0,47493,0,0,697,0,1160.972458,547979,,521,15466,9147,14135,18.9,485683,125,362633,50427
CT,9,1,2,0,1,68295,32900,22049,35945,0,1,19874,294699,0,77413,4334,9415,20896,24.753351,27080,49404,4602,1704,19154,62146,1,44314,1,1,10563,1,321.6068075,572750,,2295,20835,8199,14697,18.9,256694,0,362633,55297
CT,9,1,3,0,1,79644,32900,65534,32123,0,1,14907,297972,0,69457,1887,6509,22156,24.753351,35007,34716,4602,425,19616,52716,0,47357,0,0,516,0,1289.185882,547904,,367,8591,11127,15214,18.9,472578,444,362633,57145
CT,9,1,4,0,1,76055,32900,72040,27503,0,1,14378,298189,0,67547,3292,4737,31715,24.753351,76168,28703,4602,253,18973,52929,0,56320,0,0,299,0,2164.272727,547561,,46,4993,10457,16283,18.9,522960,0,362633,55330
CT,9,1,5,0,1,70446,32900,26106,35472,0,0,17358,300164,0,73942,2817,4342,21939,24.753351,44396,32443,4602,586,19397,69584,0,51420,0,0,214,1,934.9948805,547907,,403,8704,10042,14600,18.9,427681,0,362633,58749
CT,9,1,6,0,1,76016,32900,11905,36766,0,0,19427,305947,0,74148,3371,3889,32796,24.753351,39711,34382,4602,1403,18462,66447,0,49864,0,0,515,0,390.4112616,547757,,1618,12031,9073,13228,18.9,314662,0,362633,56555
ME,23,2,1,0,1,81978,8700,2906,42676,0,1,21467,330284,0,93133,6120,11443,20481,24.753351,17892,46508,48506,9367524,21731,,0,36331,1,1,4774,1,152.9380106,613960,,3714,13334,9742,15977,18.5,133786,272,151810,67613
ME,23,2,2,0,1,81282,8700,2445,52324,0,1,20599,282280,0,103130,9676,7380,11512,24.753351,18420,42352,48506,70571580,20541,,1,29269,2,1,7404,0,24.95148089,615610,,7294,14431,9855,19961,8.5,132972,0,151810,58551
MA,25,3,1,0,1,84596,97700,9803,41352,0,0,16972,309808,0,82254,4171,6392,15293,24.753351,28857,47858,32047,3032,21870,64134,0,38762,0,0,1237,0,198.4567942,601721,,3226,19596,9324,18894,19.7,267326,0,630729,59479
MA,25,3,2,0,1,84764,97700,34126,44543,0,0,15395,312166,0,85005,2765,6836,21742,24.753351,34972,40384,32047,885,21419,64334,0,39812,1,0,885,0,679.6497175,601490,,1138,12129,12406,19329,19.7,408579,395,630729,62410
MA,25,3,3,0,1,82144,97700,10823,39474,0,1,16701,319569,0,81705,2701,5751,21003,24.753351,45927,40645,32047,721,21684,67751,0,43812,0,0,642,0,834.7461859,601852,,1439,13210,9147,19679,19.7,482830,0,630729,63981
MA,25,3,4,0,1,82683,97700,12394,36320,0,1,16463,319762,0,82980,3819,6063,23096,24.753351,67245,39325,32047,762,21901,50504,0,45875,0,0,819,0,789.2283465,601392,,1294,11361,8949,19834,19.7,427052,0,630729,61985
MA,25,3,5,0,1,63038,97700,13254,34880,0,0,16000,322110,0,88556,2222,10058,16916,24.753351,59604,38190,32047,586,19618,82213,0,49832,1,1,5582,0,1026.496587,601527,,824,8514,8926,21861,19.7,490274,0,630729,54669
MA,25,3,6,0,1,82674,97700,10745,32307,0,1,16741,330930,0,75198,3053,7754,23558,24.753351,41437,39708,32047,497,22470,62820,0,48728,1,1,1232,0,1210.887324,601811,,690,9484,12441,18315,19.7,502368,470,630729,65239
MA,25,3,7,0,1,91418,97700,13561,26957,0,1,16887,343166,0,64557,1938,9602,31687,24.753351,62106,40905,32047,172,20312,48394,0,50284,2,0,1580,0,3496.953488,601476,,19,10991,13855,18365,19.7,596004,0,630729,63658
MA,25,3,8,0,1,64735,97700,140312,28370,1,1,10894,340921,0,60166,1225,8295,29303,24.753351,128098,41422,32047,44,18420,34670,0,35764,0,0,632,0,13690.81818,602396,,0,14707,11837,23917,19.7,602396,0,630729,50181
MA,25,3,9,0,1,87763,97700,39870,32050,1,1,16103,327990,0,68183,1685,9293,30175,24.753351,72702,46469,32047,254,23336,41157,0,46736,0,0,1122,0,2367.125984,601250,,51,13840,13327,20038,19.7,592014,1077,630729,62576
MA,25,3,10,0,1,98002,97700,12618,29519,0,1,24355,319528,0,79914,4780,8265,30489,24.753351,33121,41161,32047,880,24271,32137,1,45134,3,1,2182,1,683.5340909,613149,,732,8625,13395,19908,19.7,360872,0,630729,72867
NH,33,4,1,0,1,61171,7400,3813,37249,0,1,20224,307846,0,78549,3403,11425,21168,24.753351,20231,39179,6682,2507,18823,60111,0,41959,2,0,3817,1,221.1021141,554303,,2337,8931,10475,17512,12.3,221715,108,134255,66417
NH,33,4,2,0,1,63813,7400,3342,41450,0,0,20469,304499,0,83017,4444,6546,17775,24.753351,20962,35949,6682,6462,19242,69272,0,41291,0,0,770,0,85.87883008,554949,,3239,10161,8803,16492,12.3,118024,0,134255,58108
RI,44,5,1,0,1,78555,13500,16113,40149,0,1,13643,262391,0,60551,2585,7065,15061,24.753351,52029,30971,5,323,14866,57293,0,38896,2,0,6404,0,1553.23839,501696,,454,9040,7242,16132,19.4,453576,0,113560,51268
RI,44,5,2,0,1,72447,13500,21873,35464,0,1,14138,260212,0,68076,3343,6276,18063,24.753351,43059,37439,5,721,16181,53373,0,39454,0,0,1109,0,695.9334258,501798,,670,14982,8607,15650,19.4,370948,156,113560,52124
VT,50,6,1,0,1,66169,5800,2194,38046,0,0,21952,300746,0,87494,11711,6769,15971,24.753351,17544,39614,4402,9249,20044,44018,0,34780,0,0,673,1,60.84528057,562758,,11810,12801,9131,15721,11.9,86873,120,61315,62185
DE,10,11,1,0,2,80670,85800,112125,44140,0,1,26720,349092,0,90216,6091,8509,32416,28.008056,22275,44664,0,1954,9923,62903,0,40252,1,1,5382,0,340.9252815,666168,,6486,26232,12731,12500,20.3,459494,150,77177,66067
NJ,34,12,1,0,2,69368,100300,94171,39350,0,0,20373,301618,0,88722,2138,11649,21591,28.008056,21089,42510,33875,321,21843,45425,0,40674,0,0,1143,0,1852.006231,594494,,495,9018,15077,16618,19.9,567481,0,790452,64209
NJ,34,12,2,0,2,87781,100300,84066,38066,0,1,20157,298490,0,85412,5349,6195,16020,28.008056,24548,47269,33875,1912,27639,36745,0,38172,0,0,1821,1,311.0475941,594723,,4608,13435,10440,16909,19.9,330803,0,790452,54095
NJ,34,12,3,0,2,89493,100300,47779,27892,0,1,21174,295827,0,86457,2871,11619,22745,28.008056,32228,47856,33875,966,25522,36242,0,46870,2,2,9731,1,615.5973085,594667,,982,10715,12235,12422,19.9,426084,0,790452,62761
NJ,34,12,4,0,2,99545,100300,74087,34759,0,1,18931,293829,0,77148,3889,9958,19888,28.008056,40161,59366,33875,699,25472,40338,0,43707,2,1,3796,0,850.7482117,594673,,2047,23936,12701,15541,19.9,479257,0,790452,55386
NJ,34,12,5,0,2,74676,100300,7231,27767,0,0,20914,321606,0,83235,3728,4920,29522,28.008056,62130,36767,33875,1076,24943,52001,0,59583,0,0,262,0,552.5845725,595233,,3068,6904,13287,11608,19.9,415670,0,790452,67510
NJ,34,12,6,0,2,72533,100300,66565,39278,0,1,19834,330769,0,69785,2206,9243,28980,28.008056,66070,46832,33875,201,24621,50769,0,49729,2,1,1877,0,2958.457711,594650,,17,12968,17447,16609,19.9,592731,0,790452,64201
NJ,34,12,7,0,2,81959,100300,60369,32540,0,0,16259,335075,0,70813,2023,6018,34358,28.008056,74410,38680,33875,273,24393,56488,0,57563,0,0,264,0,2178.915751,594844,,272,8269,15508,13053,19.9,570444,0,790452,64967
NJ,34,12,8,0,2,86860,100300,77533,46676,0,0,15031,321203,0,72414,1925,5821,26236,28.008056,109634,38879,33875,104,24280,66817,0,46731,0,0,224,0,5720.307692,594912,,0,8778,13938,19163,19.9,594912,0,790452,62151
NJ,34,12,9,0,2,95583,100300,37898,38903,0,1,15920,331373,0,58238,1600,6688,29764,28.008056,133187,37055,33875,92,23754,55977,0,48584,0,0,135,0,6465.108696,594790,,0,6613,20366,17381,19.9,594790,0,790452,71349
NJ,34,12,10,0,2,68875,100300,357699,52320,0,1,11338,302157,0,84924,1382,12258,23417,28.008056,96090,51686,33875,54,25466,47133,0,34679,0,0,575,0,10997.7037,593876,,0,13962,24049,30338,19.9,593876,566,790452,46563
NJ,34,12,11,0,2,63744,100300,15518,26860,0,0,19391,341973,0,78944,3019,6701,36934,28.008056,60414,35741,33875,637,23553,56905,0,63574,1,0,454,0,933.321821,594526,,995,5487,12172,10804,19.9,506258,0,790452,65641
NJ,34,12,12,0,2,67815,100300,30643,22022,0,0,17392,323319,0,81291,4036,8130,31828,28.008056,53491,46852,33875,1022,23267,45031,0,62034,3,1,3315,0,581.7778865,594577,,4799,15455,9694,10556,19.9,363607,731,790452,60436
NJ,34,12,13,0,2,72077,100300,81983,66523,0,1,14634,307434,0,81532,1287,7756,24770,28.008056,193177,35344,33875,57,20373,63641,0,32311,1,0,519,0,10436.40351,594875,,0,7215,21963,28304,19.9,594875,0,790452,56182
NY,36,13,1,0,2,68442,770500,23559,29344,0,1,21521,296385,0,93874,4864,11238,20175,28.008056,39599,59263,14427,637,30358,33770,0,50313,0,0,625,0,910.6373626,580669,,389,17667,14497,13153,35.8,468550,0,1650271,59501
NY,36,13,2,0,2,55259,770500,56415,39063,0,1,18759,313560,0,87289,2847,7989,26093,28.008056,52621,50413,14427,189,27367,50650,0,53215,0,0,281,0,3070.386243,580303,,0,15057,20190,14527,35.8,579502,0,1650271,63179
NY,36,13,3,0,2,78042,770500,11417,22396,0,1,16684,315140,0,70261,2026,5621,35013,28.008056,58693,47685,14427,154,34902,34694,0,61611,0,0,274,0,3769.272727,580468,,0,7162,16944,11630,35.8,578040,0,1650271,65314
NY,36,13,4,0,2,85155,770500,94573,27505,0,1,14453,307030,0,72289,2650,7093,34644,28.008056,86823,51308,14427,84,36108,30855,0,56588,0,0,719,0,6910.619048,580492,,0,8107,19528,12770,35.8,580492,0,1650271,57133
NY,36,13,5,0,2,89262,770500,19955,19877,1,1,15912,310388,0,67481,1761,5926,33635,28.008056,129130,42813,14427,151,29050,34799,1,57915,0,0,510,0,3848.165563,581073,127030215,17,7837,14866,13360,35.8,576532,535,1650271,62150
NY,36,13,6,0,2,66149,770500,326222,36708,1,0,11325,293135,0,87166,989,11569,30073,28.008056,167818,61380,14427,37,41605,25855,0,40927,0,0,560,0,15724.64865,581812,127030215,0,8206,30386,24256,35.8,581812,0,1650271,40189
NY,36,13,7,0,2,97309,770500,59736,37227,1,1,15899,299744,0,54825,795,7066,31339,28.008056,208791,41727,14427,25,28569,35857,0,36643,0,0,290,0,23204.64,580116,127030215,0,6092,21010,21142,35.8,580116,0,1650271,57319
NY,36,13,8,0,2,88693,770500,49419,19329,1,1,8019,325148,0,38246,572,5690,40498,28.008056,145436,34998,14427,15,22552,34358,0,39777,0,0,1464,0,38763.53333,581453,127030215,0,6756,11138,20838,35.8,581453,0,1650271,47740
NY,36,13,9,0,2,113302,770500,18527,24116,1,1,11909,284285,0,49764,584,6794,37036,28.008056,141811,50637,14427,37,37652,27372,0,43401,0,0,233,0,15672.32432,579876,127030215,0,6191,18907,16581,35.8,579876,0,1650271,51743
NY,36,13,10,0,2,56748,770500,353595,28272,1,1,7742,251627,0,98666,570,7787,26120,28.008056,119163,57535,14427,16,40117,22921,0,26177,0,0,457,0,36331.9375,581311,127030215,0,9631,17200,28566,35.8,581311,0,1650271,28857
NY,36,13,11,0,2,50169,770500,430627,29533,1,0,9497,284039,0,97517,503,7622,31099,28.008056,229612,59693,14427,10,42284,22511,0,29141,0,0,553,0,58233.2,582332,127030215,0,9787,18468,29497,35.8,582332,0,1650271,33099
NY,36,13,12,0,2,48745,770500,79162,54352,1,1,10140,257574,0,105075,630,5153,19188,28.008056,247539,28567,14427,13,19181,48441,0,21911,0,0,287,0,44442.84615,577757,127030215,0,4233,13790,28061,35.8,577757,0,1650271,55572
NY,36,13,13,0,2,81040,770500,32686,27138,1,1,15180,284027,0,64134,862,8069,46434,28.008056,96311,53108,14427,65,37337,21134,0,46598,2,1,1729,0,8915.707692,579521,127030215,0,7702,19437,17406,35.8,579521,603,1650271,46441
NY,36,13,14,0,2,89934,770500,27606,16405,1,1,8523,371386,0,22202,587,6106,58935,28.008056,140695,31719,14427,13,19761,38657,0,59953,0,0,43,0,44510.69231,578639,127030215,0,5852,11790,17716,35.8,578639,548,1650271,51721
NY,36,13,15,0,2,67845,770500,272341,31268,1,1,6693,244974,0,87750,555,6147,18305,28.008056,171626,41907,14427,10,28200,26813,0,21065,0,0,534,0,58035.4,580354,127030215,0,7560,11877,31063,35.8,580354,0,1650271,34927
NY,36,13,16,0,2,40300,770500,248023,32398,1,1,7650,210473,0,122849,845,6560,15008,28.008056,123375,41725,14427,15,29140,23969,0,16683,0,0,331,0,38736.86667,581053,127030215,0,6025,13005,32089,35.8,581053,0,1650271,31989
NY,36,13,17,0,2,82657,770500,242071,29669,1,0,12046,276890,0,79582,996,8546,24253,28.008056,151995,57725,14427,21,40549,25067,0,32400,0,0,283,0,27544,578424,127030215,0,8630,17613,23692,35.8,578424,479,1650271,38089
NY,36,13,18,0,2,98296,770500,43022,23333,1,0,16000,312392,0,57030,2178,6016,34864,28.008056,152934,42214,14427,94,29925,32441,0,53968,0,0,229,0,6181.074468,581021,127030215,0,6273,14615,14163,35.8,581021,0,1650271,58268
NY,36,13,19,0,2,64536,770500,41806,23893,0,0,19543,306422,0,78696,3646,7495,23957,28.008056,57072,47094,14427,1079,27423,47107,0,57419,2,0,6246,1,537.892493,580386,,974,12176,10755,11260,35.8,391109,662,1650271,52125
NY,36,13,20,0,2,64246,770500,47525,28491,0,0,17034,301878,0,80477,3702,4924,21955,28.008056,70622,52240,14427,1288,32465,39513,0,53782,0,0,402,0,450.3299689,580025,,1790,14851,12661,11898,35.8,352088,0,1650271,58053
NY,36,13,21,0,2,89499,770500,36441,29900,0,0,14595,301022,0,73067,2595,7957,20933,28.008056,30009,76024,14427,1087,23065,30976,0,39150,1,0,739,0,533.8730451,580320,,1895,45002,10380,13718,35.8,465551,331,1650271,55791
NY,36,13,22,0,2,74063,770500,12520,38075,0,0,21451,291866,0,92773,6530,5837,16518,28.008056,19487,54107,14427,6510,23327,45531,0,38589,0,0,1836,0,89.17388633,580522,,8401,24943,10024,14367,35.8,120578,0,1650271,54246
NY,36,13,23,0,2,86769,770500,16290,38495,0,0,15671,270258,0,93668,9914,7362,15123,28.008056,16393,49163,14427,5986,23056,46035,0,31352,1,1,4521,0,96.93601737,580300,,13321,18745,8294,15667,35.8,161589,0,1650271,51754
NY,36,13,24,0,3,68614,770500,15331,40451,0,1,16725,257903,0,99257,9116,9058,8113,2.023195,16727,54981,14427,12393,23741,39685,1,30372,2,2,12970,1,46.83095296,582350,,11665,22182,8548,21041,35.8,2556,0,1650271,49158
NY,36,13,25,0,3,74518,770500,38147,35313,0,1,15235,295657,0,88004,4082,5167,20867,2.023195,23931,43852,14427,1838,24450,47289,0,37404,1,0,767,0,315.68716,581004,,4525,14235,10795,14303,35.8,385855,205,1650271,60254
NY,36,13,26,0,2,76292,770500,32096,33807,0,0,16186,287824,0,80489,3956,5010,13767,28.008056,35311,46787,14427,3083,23634,55048,0,37323,0,0,447,0,188.3036004,580540,,3823,18143,8665,14938,35.8,266649,0,1650271,52374
NY,36,13,27,0,3,74556,770500,14264,41611,0,1,16156,295849,0,89737,7690,6314,14100,2.023195,20202,46636,14427,3593,23747,62433,0,40025,0,0,384,1,161.5132202,580800,,12343,16575,9210,13018,35.8,146574,709,1650271,58563
NY,36,13,28,0,3,75503,770500,80811,34411,0,1,11818,299372,0,78845,1694,3262,18440,2.023195,38785,30060,14427,275,20344,76186,0,41851,0,0,445,0,2110.352727,580347,,268,6454,6938,14427,35.8,559086,0,1650271,54734
NY,36,13,29,0,3,85235,770500,25522,44702,0,1,13295,289569,0,80800,3332,5007,14826,2.023195,27860,40810,14427,1171,23606,62747,0,35193,0,0,655,0,495.1588386,580540,,3942,12197,10016,17192,35.8,385808,0,1650271,59334
NY,36,13,30,0,3,86975,770500,97617,42078,0,1,12614,280120,0,80233,2489,6420,17315,2.023195,19730,43416,14427,724,22680,47850,0,32576,0,0,572,0,802.2348066,582607,,1572,14316,13111,20464,35.8,482613,504,1650271,59531
NY,36,13,31,0,3,85757,770500,13322,44809,0,1,14148,271955,0,98634,10102,4631,8956,2.023195,12246,44187,14427,6587,23201,57561,0,30172,1,0,997,0,88.11294975,588110,,17370,16355,8412,17976,35.8,69882,208,1650271,51389
PA,42,14,1,0,2,72287,190400,296811,34027,1,0,8506,238775,0,83729,1405,14096,16257,28.008056,26093,39035,94068,52,19669,30656,0,24506,0,0,4679,0,10887.17308,566133,37953653,0,5270,11793,27474,27,566133,0,1402128,39134
PA,42,14,2,0,2,84286,190400,352142,28934,1,0,9063,268681,0,65762,1241,14524,20631,28.008056,29018,44946,94068,45,23913,24638,0,30193,1,0,620,0,12560.93333,565242,37953653,0,6509,12994,23696,27,565242,352,1402128,38899
PA,42,14,3,0,2,100394,190400,27217,36947,1,0,14023,268148,0,43817,1092,12556,20223,28.008056,52944,35495,94068,56,19761,41701,0,35441,1,0,621,0,10105.07143,565884,37953653,0,3178,12285,16098,27,565884,0,1402128,59371
PA,42,14,4,0,4,92867,190400,17920,38699,0,0,14987,259398,0,82990,3125,4433,12954,15.6137875,10703,21745,94068,1323,12410,46285,0,32011,0,0,464,0,427.6712018,565809,,3561,4902,15416,15559,27,321073,0,1402128,57894
PA,42,14,5,0,4,78650,190400,5407,53565,0,0,12633,258701,0,83837,7693,4070,8581,15.6137875,10223,35147,94068,10479,13517,59869,0,28872,0,0,614,0,53.98759424,565736,,12589,17560,8541,16591,27,61507,0,1402128,48422
PA,42,14,6,0,2,95599,190400,13652,65228,0,0,16385,281279,0,75419,5206,3604,14329,28.008056,11481,24413,94068,1901,13325,79269,0,34351,0,0,421,1,297.6975276,565923,,7088,7484,8678,12668,27,217118,0,1402128,56576
PA,42,14,7,0,2,85407,190400,21307,25868,0,0,17451,298825,0,55594,2381,8017,27112,28.008056,29653,25824,94068,303,13703,46120,0,49477,0,0,656,0,1867.376238,565815,23463489,230,4104,12233,9139,27,539089,0,1402128,60120
PA,42,14,8,0,2,60991,190400,15811,37586,0,0,21098,309717,0,74264,3240,7838,23094,28.008056,23305,29158,94068,626,15082,61714,0,48998,1,0,1582,0,903.8658147,565820,,1871,6238,10822,10801,27,441690,0,1402128,68322
PA,42,14,9,0,2,86436,190400,6455,61013,0,0,18913,265147,0,87955,9818,8813,9121,28.008056,4449,33093,94068,6665,13158,57890,0,28913,1,0,982,0,84.89992498,565858,,16312,11122,13004,15753,27,77701,102,1402128,51621
PA,42,14,10,0,2,95231,190400,5856,52055,0,0,18068,266263,0,82783,6473,6939,12909,28.008056,11104,28990,94068,5562,14150,57051,0,30920,1,0,422,0,101.7218626,565777,,7578,7901,10832,14313,27,239616,0,1402128,54158
PA,42,14,11,0,2,105702,190400,5340,55691,0,0,16685,263801,0,72399,3375,6883,12625,28.008056,10272,30287,94068,2374,13790,57356,0,30425,0,0,569,1,238.3327717,565802,,4748,9614,9482,14772,27,206433,337,1402128,53661
PA,42,14,12,0,4,96266,190400,7413,46229,0,0,13735,239950,0,85294,6052,3839,9460,15.6137875,5011,26334,94068,4212,11997,40072,0,26703,0,0,423,0,134.3209877,565760,,7542,10498,10925,19320,27,77639,0,1402128,47924
PA,42,14,13,0,2,87589,190400,34252,28604,0,0,17490,306867,0,58930,2893,5407,27734,28.008056,32064,23975,94068,365,14245,58417,0,52778,1,1,609,0,1549.761644,565663,,580,4323,8456,8790,27,522457,0,1402128,60825
PA,42,14,14,0,4,98846,190400,100732,24315,1,0,12594,267981,0,59526,1270,6986,20287,15.6137875,22024,29590,94068,193,17942,25005,0,32274,0,0,657,0,2931.803109,565838,32197633,14,4662,11528,18224,27,563575,1036,1402128,54662
PA,42,14,15,0,2,85057,190400,12301,50481,0,0,16769,289590,0,75089,2890,3355,16530,28.008056,21688,24737,94068,790,16567,71250,0,38999,0,0,412,0,716.2253165,565818,,2502,4815,10659,11745,27,391258,0,1402128,57486
PA,42,14,16,0,2,67966,190400,29203,46774,0,0,20755,297424,0,75445,10747,4496,17616,28.008056,15832,24372,94068,1279,13025,64480,0,42932,0,0,345,1,442.4612979,565908,,18517,6851,10682,8473,27,293279,543,1402128,62100
PA,42,14,17,0,2,76261,190400,37530,55038,0,0,18252,302329,0,79779,5762,11116,19629,28.008056,10952,46732,94068,1485,13690,58098,0,37251,2,1,1177,1,380.9441077,565702,,9510,21926,14762,10287,27,262921,486,1402128,58165
PA,42,14,18,0,4,104784,190400,43784,27590,0,0,15342,274365,0,64153,1588,7062,22267,15.6137875,14729,25614,94068,264,14425,32862,0,35343,0,0,664,0,2143.07197,565771,,250,4127,12211,14576,27,554352,0,1402128,62534
PA,42,14,19,0,2,75385,190400,14711,63230,0,0,21062,304001,0,80694,5711,10798,15561,28.008056,8909,33574,94068,1926,13483,74169,0,37542,2,0,1708,0,293.7637591,565789,,10212,9293,12727,9796,27,212312,0,1402128,64096
PA,42,14,20,0,4,96082,190400,17989,35701,0,0,15530,253653,0,80080,2999,4474,13378,15.6137875,9571,26187,94068,2136,13287,37358,0,31949,0,0,497,1,264.8824906,565789,,4408,8426,13936,17732,27,306348,0,1402128,56677
PA,42,14,21,0,4,83625,190400,21737,49211,0,0,11820,264432,0,83008,5294,4346,11221,15.6137875,9291,25611,94068,2784,13225,62960,0,31144,0,0,488,0,203.2349138,565806,,9607,8040,9783,16587,27,224308,293,1402128,54220
IL,17,21,1,0,7,80543,212000,397994,30860,1,1,7740,259745,0,82750,628,12329,20001,7.0284035,26990,52400,399,55,31583,26713,0,30644,0,0,429,0,10398.32727,571908,,0,8488,17591,32671,27.5,571908,0,1125388,37628
IL,17,21,2,0,7,54804,212000,391200,41669,1,1,9235,273582,0,104411,872,13188,19742,7.0284035,24342,48075,399,124,25270,36704,0,33794,0,0,564,0,4614.419355,572188,,12,9617,22683,34104,27.5,571122,0,1125388,46297
IL,17,21,3,0,7,92519,212000,10869,44360,1,0,16766,296879,0,60723,1341,4731,25005,7.0284035,56563,30161,399,126,20764,52967,0,42405,0,0,247,0,4530.968254,570902,,0,4666,20071,13991,27.5,570649,0,1125388,66993
IL,17,21,4,0,7,43707,212000,35374,75280,1,0,10726,258181,0,107130,2838,3217,11758,7.0284035,185863,18610,399,39,11732,76398,0,25285,0,0,185,0,14645.17949,571162,,0,3661,11066,28219,27.5,571162,371,1125388,51622
IL,17,21,5,0,7,85859,212000,8247,43363,1,1,15999,332958,0,44042,1070,4815,33554,7.0284035,132121,27978,399,52,18265,61207,0,40112,0,0,181,0,10981.78846,571053,,0,4898,14042,17081,27.5,571053,0,1125388,65184
IL,17,21,6,0,7,68228,212000,8168,35513,1,0,18819,326767,0,73009,1515,5438,27564,7.0284035,65299,26040,399,184,16632,62621,0,50729,0,0,302,0,3110.152174,572268,,0,3970,18726,10149,27.5,572268,0,1125388,75233
IL,17,21,7,0,7,57353,212000,375507,33893,1,1,5912,259036,0,99299,649,10244,21902,7.0284035,34448,37967,399,50,19288,36406,0,28513,0,0,507,0,11440.78,572039,,0,8435,16357,34413,27.5,572039,1044,1125388,40955
IL,17,21,8,0,7,42228,212000,9060,34958,0,0,20789,333760,0,83800,2642,5143,31398,7.0284035,51793,25596,399,431,16390,71726,0,53105,0,0,1166,0,1325.902552,571464,,684,4063,17677,9889,27.5,518292,0,1125388,76518
IL,17,21,9,0,7,93565,212000,68833,28294,1,1,10078,323326,0,50264,1343,5673,32849,7.0284035,139263,32106,399,53,20851,44384,0,42697,0,0,183,0,10785.11321,571611,,0,5582,12023,15828,27.5,571611,0,1125388,61740
IL,17,21,10,0,7,59341,212000,35088,25298,0,1,13392,300033,0,81702,2180,8045,31985,7.0284035,61248,28767,399,244,16971,54090,0,58407,3,2,18457,1,2342.217213,571501,,20,3751,9576,9037,27.5,568093,610,1125388,64119
IL,17,21,11,0,7,75127,212000,48453,47282,1,0,18538,282360,0,86786,4395,4728,16992,7.0284035,23004,31159,399,2598,18094,54348,0,39073,0,0,393,1,219.8036952,571050,,10555,8337,14346,16358,27.5,350995,0,1125388,58130
IL,17,21,12,0,8,77491,212000,97202,39745,0,0,11689,259924,0,91024,4706,10631,14999,367.412212,8260,42307,399,2506,14907,37932,0,31003,2,1,6519,0,228.0291301,571441,,12515,16769,12625,22156,27.5,340143,0,1125388,50516
IL,17,21,13,0,7,43908,212000,17879,26037,0,0,16934,316857,0,87894,1494,6191,30510,7.0284035,39964,27909,399,403,17011,50862,0,55481,0,0,361,0,1417.727047,571344,,568,4707,16212,9588,27.5,525999,0,1125388,71906
IL,17,21,14,0,7,52450,212000,23944,48714,0,0,19406,304148,0,92666,5924,4986,19334,7.0284035,39657,34497,399,2452,17747,69498,0,45377,0,0,266,0,233.091354,571540,,10214,11764,11865,12026,27.5,367115,0,1125388,61045
IL,17,21,15,0,7,73226,212000,42732,42572,0,0,13103,286446,0,83894,10040,7056,20028,7.0284035,15797,53441,399,7492,16494,43139,0,33972,1,1,4426,1,76.25360384,571292,,25593,29891,9984,13979,27.5,237952,616,1125388,57349
IL,17,21,16,0,7,68705,212000,26731,51839,0,0,17829,301095,0,90753,7698,3557,17686,7.0284035,20210,25514,399,3093,16939,86261,0,40060,0,0,464,1,184.7681862,571488,,14496,5018,11590,12724,27.5,327089,0,1125388,57012
IL,17,21,17,0,7,94399,212000,18232,48769,0,0,12079,272048,0,91604,13263,7793,11435,7.0284035,9526,35044,399,8328,17172,52864,0,30838,2,0,595,1,68.63412584,571585,,34825,10079,12017,15677,27.5,135148,0,1125388,58038
IL,17,21,18,0,7,81160,212000,29492,39538,0,0,14099,281996,0,91800,9268,4717,18398,7.0284035,8474,40656,399,6173,16136,49493,0,36423,0,0,676,0,92.7001458,572238,,21295,19803,10206,12882,27.5,285256,0,1125388,55297
IL,17,21,19,0,4,99202,212000,22138,48507,0,0,13710,258530,0,91784,11998,4231,10911,15.6137875,3747,33304,399,10732,16234,46097,0,28741,0,0,457,0,53.24170704,571390,,38967,12839,10182,18387,27.5,90256,157,1125388,49073
IL,17,21,20,0,8,90565,212000,23712,42415,0,0,14154,275336,0,87471,12464,6301,15632,367.412212,5703,44014,399,9448,15382,41337,0,31846,0,0,907,0,60.45067739,571138,,37272,22331,12327,15972,27.5,161259,0,1125388,53407
IN,18,22,1,0,7,66039,61500,116739,44207,0,1,13474,263391,0,97488,1435,3677,13361,7.0284035,21079,28254,9375,649,18622,60548,0,36640,0,0,540,0,854.412943,554514,,1705,5955,11835,19194,25.1,473778,0,602347,53784
IN,18,22,2,0,4,75839,61500,22634,56329,0,0,12335,273968,0,91136,7135,3287,11150,15.6137875,4503,29923,9375,3888,15513,73943,0,31533,0,0,434,0,142.5722737,554321,,24742,11123,8074,16693,25.1,161951,0,602347,55377
IN,18,22,3,0,7,71626,61500,40836,59076,0,1,13316,282049,0,84194,4372,2669,12738,7.0284035,13387,22471,9375,1515,14406,85268,0,34458,0,0,361,0,365.9947195,554482,,12830,5396,10070,12606,25.1,313574,0,602347,56242
IN,18,22,4,0,3,66394,61500,30357,61311,0,0,14311,289381,0,89236,6710,3444,17345,2.023195,7745,23333,9375,3606,13685,81715,0,35821,0,0,641,0,153.7928453,554577,,30652,6204,12635,12627,25.1,248686,98,602347,59298
IN,18,22,5,0,4,73947,61500,11635,62725,0,0,13537,270180,0,98210,10609,4688,10120,15.6137875,5863,26675,9375,3962,15552,81530,0,32210,1,1,2531,0,139.888945,554240,,35200,6435,9528,14582,25.1,73946,0,602347,49932
IN,18,22,6,0,4,61798,61500,5576,33938,1,0,17238,300474,0,86731,4478,8331,27324,15.6137875,9515,33449,9375,2037,16247,53290,0,44668,1,0,845,0,271.9023073,553865,,11156,8871,11554,8551,25.1,354627,0,602347,64814
IN,18,22,7,0,4,68523,61500,10768,45573,0,0,15322,275124,0,86571,6873,5172,13014,15.6137875,11071,40090,9375,4752,14989,55297,0,33877,0,0,687,0,116.6877104,554500,,20317,19929,11699,12193,25.1,186709,0,602347,54593
IN,18,22,8,0,4,77206,61500,17098,47456,0,0,14428,271217,0,80346,6931,7430,11923,15.6137875,7380,36650,9375,5226,14659,51626,0,31375,2,0,581,0,106.0748182,554347,,19362,14561,9764,15390,25.1,222697,0,602347,55996
IN,18,22,9,0,4,70933,61500,9283,64093,0,0,17020,273762,0,96245,8580,6656,11562,15.6137875,3440,29473,9375,3733,14367,75349,0,31425,1,0,555,0,148.5443343,554516,,32169,8450,10981,16015,25.1,100143,0,602347,49892
IN,18,22,10,0,4,63640,61500,164796,43544,1,0,15251,289292,0,78865,2009,11011,21272,15.6137875,10280,37493,9375,196,14743,43075,0,29818,1,1,2257,0,2830.596939,554797,,0,11739,14574,17653,25.1,554797,288,602347,62113
MI,26,23,1,0,3,91777,106000,4898,40205,0,1,17627,258970,0,98852,6798,7120,10679,2.023195,9417,42647,705471,22765,21833,37655,0,27482,1,1,3481,1,25.52189765,586093,,7874,13694,8371,20835,33.7,0,124,973369,55200
MI,26,23,2,0,3,71559,106000,25084,57070,0,1,15659,279389,0,99777,7713,2729,9571,2.023195,12100,27038,705471,5469,17617,78371,0,33251,0,0,410,0,106.238252,581017,,11682,6692,7279,17297,33.7,202428,0,973369,57621
MI,26,23,3,0,3,62624,106000,42995,54884,0,0,13739,297820,0,88590,4073,3299,16300,2.023195,16497,24590,705471,1665,15139,75207,0,37093,0,0,423,0,348.8732733,580874,,7743,6152,8495,14849,33.7,402117,0,973369,68552
MI,26,23,4,0,3,73476,106000,6340,47453,0,0,15366,267165,0,103542,8235,3382,10153,2.023195,8465,37073,705471,8675,17357,60268,0,30754,0,0,340,0,66.96138329,603814,,24463,16334,7348,22318,33.7,20732,0,973369,55631
MI,26,23,5,0,3,75091,106000,48640,48794,0,1,11966,262224,0,103468,6728,4401,10092,2.023195,9292,28397,705471,5454,17395,60763,0,31422,1,1,2825,0,106.5238357,580988,,17493,6601,6963,25564,33.7,264700,97,973369,55276
MI,26,23,6,0,3,70744,106000,55329,51582,0,1,12838,291458,0,94501,7127,3226,12648,2.023195,16108,29446,705471,2907,17229,76047,0,33578,0,0,354,1,199.8531132,580973,,13645,8991,8269,18274,33.7,244827,0,973369,56686
MI,26,23,7,0,3,70555,106000,32443,53027,0,0,11515,280617,0,99398,6201,5996,12392,2.023195,9071,36796,705471,4137,17652,70328,0,34694,0,0,741,0,140.4411409,581027,,20648,13148,8114,18510,33.7,183368,601,973369,53242
MI,26,23,8,0,3,52360,106000,33396,40515,0,0,15103,307202,0,93281,4209,3840,16714,2.023195,20071,48497,705471,1941,19059,58094,0,42821,0,0,753,0,299.3673364,581072,,7721,25598,8017,16717,33.7,291041,0,973369,60577
MI,26,23,9,0,3,52877,106000,103036,47071,0,0,12926,288004,0,99299,2573,2826,13555,2.023195,16714,28790,705471,815,19933,73173,0,40647,0,0,283,0,712.7705521,580908,,2121,6031,7243,24456,33.7,446803,0,973369,56494
MI,26,23,10,0,3,70103,106000,11460,46665,0,1,16235,299272,0,88921,2701,6265,16073,2.023195,27971,25490,705471,1129,15017,78930,0,42003,2,0,1492,0,514.591674,580974,,3197,4208,7954,17800,33.7,463630,0,973369,63791
MI,26,23,11,0,3,71694,106000,23734,25715,0,0,14895,317353,0,77862,1818,3230,25150,2.023195,46229,25759,705471,380,17268,64587,0,56234,0,0,253,0,1528.773684,580934,,266,5261,7995,12518,33.7,540673,0,973369,69532
MI,26,23,12,0,3,73906,106000,21822,38730,0,0,13752,310557,0,83156,1280,6312,18607,2.023195,51176,25765,705471,149,15296,74871,0,45143,1,0,460,0,3899.241611,580987,,0,4157,8244,16166,33.7,580987,0,973369,67843
MI,26,23,13,0,3,49820,106000,63616,42012,0,0,11326,317717,0,82310,2247,4737,15801,2.023195,32449,40641,705471,455,16525,67882,0,44509,0,0,480,0,1276.663736,580882,,843,19379,13332,16551,33.7,542755,223,973369,64296
MI,26,23,14,0,3,66673,106000,401562,41108,1,1,6377,255943,0,99565,998,8018,14793,2.023195,22566,40771,705471,79,24704,44822,0,28875,0,0,481,0,7354.139241,580977,,0,8049,9896,36416,33.7,580977,0,973369,40990
MI,26,23,15,0,3,81509,106000,407138,34450,1,1,5251,221076,0,99773,1052,5892,10501,2.023195,22367,31176,705471,84,18416,34639,0,19738,0,0,477,0,6915.869048,580933,,0,6868,7391,45283,33.7,580933,0,973369,31397
MI,26,23,16,0,3,75122,106000,7684,49655,0,1,11656,285770,0,86780,2110,4161,14248,2.023195,35314,23910,705471,699,15293,71925,0,40922,0,0,370,1,831.0214592,580884,,3446,4456,14777,17622,33.7,465691,441,973369,61256
OH,39,24,1,0,4,76004,132900,171959,34755,1,0,13368,276732,0,75389,1757,8305,17749,15.6137875,13974,36250,16784,176,18267,43261,0,32697,0,0,353,0,3244.613636,571052,,87,9678,10882,16188,27.4,563909,249,1216668,60612
OH,39,24,2,0,4,65558,132900,12446,41108,1,0,16288,288646,0,87257,4320,5455,17629,15.6137875,10384,26166,16784,1947,14755,63961,0,40261,0,0,373,0,293.1581921,570779,,9353,5956,9491,11872,27.4,389769,0,1216668,66427
OH,39,24,3,0,4,71719,132900,101747,38447,0,0,11852,281876,0,81509,1936,17025,13851,15.6137875,11319,40191,16784,431,18344,57256,0,36045,1,0,5068,0,1324.62413,570913,,1757,4822,10912,15707,27.4,530832,413,1216668,58109
OH,39,24,4,0,4,75662,132900,25953,59827,0,0,13137,272753,0,97765,7040,3105,10563,15.6137875,6129,27061,16784,4531,16860,76228,0,32105,0,0,305,0,126.0024277,570917,,28788,7096,8679,17490,27.4,145406,0,1216668,52299
OH,39,24,5,0,3,73877,132900,12059,67381,0,1,14699,281396,0,100354,8167,2754,9463,2.023195,6197,28136,16784,5200,17665,87688,0,34855,0,0,406,0,109.7973077,570946,,33720,7717,9944,16374,27.4,31507,0,1216668,49877
OH,39,24,6,0,4,74996,132900,12014,45799,0,0,14549,244676,0,102136,6501,6064,9076,15.6137875,5027,37812,16784,6371,16467,45887,0,26535,0,0,135,0,89.59409826,570804,,16666,15281,10864,20154,27.4,56734,390,1216668,46377
OH,39,24,7,0,4,67545,132900,30558,49756,1,0,14336,274824,0,97257,6332,14043,12225,15.6137875,7166,40737,16784,3473,17548,62309,0,34979,1,1,4590,0,164.3936078,570939,,18346,9146,9054,15361,27.4,174030,0,1216668,54218
OH,39,24,8,0,4,65841,132900,15753,55350,0,0,14833,283594,0,95627,6342,4017,14223,15.6137875,6545,27562,16784,2728,15354,81304,0,36254,0,0,402,0,209.2510997,570837,,25351,8191,9808,13410,27.4,227974,0,1216668,58650
OH,39,24,9,0,3,71657,132900,69374,46098,1,1,12947,279761,0,82279,3103,3596,12853,2.023195,14470,31176,16784,1098,16729,52923,0,35473,0,0,574,1,519.9553734,570911,,7343,10851,12299,20470,27.4,455075,0,1216668,59234
OH,39,24,10,0,4,86785,132900,11948,39267,1,1,11927,283444,0,62608,1408,7129,20294,15.6137875,37279,30670,16784,155,20284,57785,0,37053,0,0,569,0,3680.83871,570530,,16,3257,12017,15060,27.4,568925,0,1216668,60490
OH,39,24,11,0,3,84939,132900,334296,37463,1,1,7691,258249,0,85089,1414,9482,14534,2.023195,23695,37956,16784,104,22338,42225,0,28710,1,0,504,0,5493.221154,571295,,0,6136,11113,26634,27.4,571295,574,1216668,42360
OH,39,24,12,0,4,53691,132900,132712,34825,1,0,13819,299109,0,90290,2962,9396,29274,15.6137875,14257,44867,16784,1022,18377,38622,0,37089,1,0,733,0,559.0420744,571341,,4322,17094,10643,14522,27.4,456915,0,1216668,64127
OH,39,24,13,0,3,61306,132900,25510,50198,0,1,16369,285963,0,94160,4349,4482,14088,2.023195,13911,26484,16784,1687,18114,75215,0,39210,0,0,471,0,338.3746295,570838,,6797,3888,10387,14480,27.4,322609,0,1216668,56531
OH,39,24,14,0,3,76363,132900,62249,40222,0,0,13199,281368,0,83191,2269,3575,12722,2.023195,16536,33254,16784,499,19004,60312,0,34362,0,0,517,0,1144.262525,570987,,597,10675,10347,16993,27.4,502909,0,1216668,62188
OH,39,24,15,0,4,56913,132900,27998,37509,1,0,14009,312928,0,72897,3392,5873,27656,15.6137875,20125,51497,16784,873,17007,37662,0,38070,1,0,865,0,653.768614,570740,,3566,28617,13078,12350,27.4,497704,0,1216668,69841
OH,39,24,16,0,4,78580,132900,27208,55173,0,0,12495,274286,0,89849,7667,2758,12013,15.6137875,8515,26029,16784,2134,16789,71544,0,32131,0,0,395,0,267.4343955,570705,,18240,6482,9013,15788,27.4,256393,0,1216668,56822
OH,39,24,17,0,4,90678,132900,55514,51625,0,0,11090,258333,0,88742,3233,3195,10811,15.6137875,12961,24170,16784,1345,14781,61366,0,30413,0,0,553,0,424.5078067,570963,,4881,6194,10074,19678,27.4,366045,0,1216668,57002
OH,39,24,18,0,4,86185,132900,13185,56716,0,0,12940,251720,0,97179,6415,4720,8832,15.6137875,4560,27489,16784,6071,16007,56347,0,27586,1,1,518,0,94.01811893,570784,,16324,6762,9226,20418,27.4,100725,0,1216668,50884
OH,39,24,19,0,3,87775,132900,9747,39756,0,1,14660,290637,0,76073,3469,3906,17668,2.023195,26623,25317,16784,1099,18500,69488,0,40093,0,0,397,1,519.4121929,570834,,2760,2911,9531,12727,27.4,437065,0,1216668,62218
WI,55,25,1,0,7,67878,54200,29379,54808,0,1,14649,279309,0,85461,6381,3414,11109,7.0284035,16208,29234,218612,2207,19353,79911,0,36634,0,0,741,0,246.2075215,543380,,11628,6467,9363,14704,24.5,316737,0,517844,56264
WI,55,25,2,0,7,61383,54200,11081,37299,0,0,14334,305316,0,76858,15221,5592,22619,7.0284035,15657,64945,218612,5348,19220,43735,0,37432,0,0,539,0,101.6501496,543702,,30717,40133,8830,9845,24.5,244335,200,517844,60067
WI,55,25,3,0,7,75845,54200,1560,47451,0,0,12412,276114,0,87674,24692,4350,10944,7.0284035,8202,37765,218612,10638,20632,51997,0,31244,0,0,575,0,51.08544839,543800,,53469,12783,9701,13249,24.5,137754,0,517844,57626
WI,55,25,4,0,7,72514,54200,4460,45734,1,1,12556,289999,0,68903,1471,5732,20673,7.0284035,23403,31315,218612,293,22316,69473,0,38681,0,0,581,0,1854.887372,543482,,103,3267,12945,12015,24.5,531089,414,517844,60140
WI,55,25,5,0,7,69302,54200,191387,37256,1,1,8048,262758,0,82894,1130,4853,19633,7.0284035,22769,33596,218612,100,22528,47490,0,31831,0,0,661,0,5436.07,543607,,0,6215,9358,19455,24.5,543607,0,517844,50899
WI,55,25,6,0,7,80356,54200,1810,59611,0,1,12425,273295,0,81779,14670,3924,10272,7.0284035,7992,28692,218612,6717,17437,82113,0,33268,1,1,495,1,80.91871371,543663,,30465,7331,9213,11841,24.5,136829,489,517844,51258
WI,55,25,7,0,9,82428,54200,763,50831,0,1,12704,264755,0,90334,18064,3906,13897,0.932429,7642,33019,218612,16723,20562,57908,0,30490,0,0,411,0,32.50427555,548408,36982438,33609,8551,10823,15339,24.5,101943,0,517844,52638
WI,55,25,8,0,7,76843,54200,1602,52465,0,1,15742,274228,0,88923,13170,4097,14612,7.0284035,7726,28532,218612,9844,19354,66923,0,33172,0,0,395,1,55.21393742,568489,,21945,5081,11317,13861,24.5,255361,0,517844,61540
WI,55,25,9,0,7,66524,54200,2345,52595,1,1,15639,291464,0,81555,7960,2743,16396,7.0284035,12128,24617,218612,2439,17821,87056,0,42177,0,0,389,0,222.8790488,543602,,14265,4053,8880,8528,24.5,207541,0,517844,57620
IA,19,31,1,0,7,66211,38700,14333,42892,0,0,12678,294488,0,86765,9036,8772,14771,7.0284035,13074,48022,2057,4480,17243,54447,0,35846,0,0,650,1,123.9350446,555229,,24451,22007,10050,13646,20.5,336459,199,301064,62432
IA,19,31,2,0,7,90890,38700,9507,45178,0,0,12509,271182,0,88048,25557,3390,11051,7.0284035,5063,31553,2057,12261,17442,52273,0,30470,0,0,329,0,45.30576625,556080,,67400,10721,8613,11884,20.5,169339,0,301064,55004
IA,19,31,3,0,7,91587,38700,5181,47876,0,0,12928,276177,0,87947,19159,5781,12687,7.0284035,9174,43236,2057,13833,18528,51530,0,30286,0,0,432,0,40.14306369,555299,,56111,18927,10492,11552,20.5,7093,253,301064,55323
IA,19,31,4,0,10,76121,38700,15039,38198,0,0,14395,296650,0,87925,11438,7410,33039,7.5561935,9359,38206,2057,7498,17053,34390,0,34018,0,0,721,0,74.05654841,555276,,29511,13743,14502,10457,20.5,346226,151,301064,64041
IA,19,31,5,0,10,101073,38700,3201,43154,0,0,12343,265386,0,89124,28594,4192,11490,7.5561935,6646,31278,2057,14801,17933,41837,0,28989,0,0,488,0,37.52834268,555457,,79098,9153,11229,8806,20.5,83277,0,301064,57441
KS,20,32,1,0,10,106592,30300,7794,45908,0,0,15479,301308,0,105812,30828,5884,12974,7.5561935,15948,46488,604,56244,26486,38059,0,28624,0,0,813,0,11.01221464,619371,,49309,14118,11427,9173,12,0,0,271228,63121
KS,20,32,2,0,10,88361,30300,38496,42111,0,0,15670,284824,0,100211,12135,13611,15991,7.5561935,12642,61332,604,13974,20705,36908,0,30340,3,2,20339,1,44.3241019,621485,,37645,27016,12618,14266,12,133812,746,271228,52532
KS,20,32,3,0,10,63892,30300,55341,36056,0,0,15812,332705,0,93258,3536,10062,28827,7.5561935,18047,46333,604,1550,18984,45699,0,41605,0,0,827,0,399.6419355,619445,,4405,17287,16300,14176,12,546234,0,271228,70530
KS,20,32,4,0,11,83759,30300,40328,42553,0,0,15013,311149,0,99323,7756,6856,15889,11.8136995,16208,36424,604,10052,19701,75956,0,34210,1,1,6475,0,61.61689216,619373,,17157,9867,11285,14152,12,338562,125,271228,57796
MN,27,33,1,0,7,77423,62300,1895,42750,0,0,13070,283134,0,87908,18390,3761,10945,7.0284035,9056,32147,298536,9424,18808,50639,0,34403,0,0,326,1,58.03363752,546939,,52588,9578,9354,11379,24.5,78352,0,476754,60175
MN,27,33,2,0,7,84989,62300,719,45721,0,0,14727,271628,0,93386,26363,3388,12103,7.0284035,5419,31328,298536,16121,21127,53930,0,32084,0,0,278,1,33.92308169,547370,,76349,6813,10055,10232,24.5,29012,0,476754,53768
MN,27,33,3,0,7,44153,62300,7209,29541,0,0,12634,321220,0,83502,2011,6865,30930,7.0284035,15267,31505,298536,594,16893,55581,0,49714,0,0,676,0,920.8350168,546976,,1073,7747,21831,10406,24.5,518545,0,476754,71410
MN,27,33,4,0,7,66214,62300,23185,33042,0,0,11496,299600,0,70675,1653,6386,22681,7.0284035,29163,42658,298536,210,18981,54560,0,40605,0,0,475,0,2603.866667,546812,,41,17291,14481,12424,24.5,545735,0,476754,58482
MN,27,33,5,0,7,74732,62300,52159,33417,1,0,9665,311125,0,57845,1545,5960,25560,7.0284035,29908,39053,298536,103,18633,46267,0,36817,0,0,289,0,5309.475728,546876,,0,14460,12507,15806,24.5,546876,513,476754,65286
MN,27,33,6,0,7,30489,62300,6374,41895,0,0,19138,315001,0,97021,2464,4918,24398,7.0284035,10496,31168,298536,1008,18125,70209,0,46461,0,0,372,0,542.7132937,547055,,2552,8125,14394,12074,24.5,439316,0,476754,68357
MN,27,33,7,0,9,85652,62300,1048,38145,0,1,13218,259126,0,99013,22615,6441,9942,0.932429,5638,41694,298536,26282,22580,33667,0,28104,0,0,601,0,20.81352256,560945,,56059,12673,9416,15496,24.5,110978,0,476754,56893
MN,27,33,8,0,9,86126,62300,2227,40038,0,1,16497,250502,0,99943,8908,5870,9638,0.932429,8246,41408,298536,25870,23394,35714,0,30259,0,0,622,0,21.12779281,558420,36982438,21284,12144,10026,19162,24.5,101818,288,476754,51078
MO,29,34,1,0,8,79371,68500,296988,35537,1,0,9075,274940,0,83481,1584,13106,16061,367.412212,11713,37049,65401,145,16417,43098,0,30858,1,0,891,0,3920.496552,568472,24592236,28,7526,14287,24411,26.6,563985,0,592896,48987
MO,29,34,2,0,8,58559,68500,20824,25870,0,0,14932,312487,0,73803,1803,7348,26603,367.412212,15932,25681,65401,537,13308,61222,0,50632,0,0,1094,0,1058.564246,568449,,885,5025,14393,9496,26.6,545612,0,592896,69438
MO,29,34,3,0,8,84081,68500,13173,41089,1,0,17225,292360,0,61646,2524,9218,20361,367.412212,13048,27674,65401,1260,13321,51179,0,36896,1,0,546,0,450.8769841,568105,24592236,1914,5135,13152,14129,26.6,452366,535,592896,64594
MO,29,34,4,0,10,82955,68500,18319,45409,1,0,18921,260703,0,91300,14473,9478,11888,7.5561935,6343,44313,65401,14101,13213,42182,0,27440,2,2,13100,0,40.37266861,569295,,43333,21622,10851,14571,26.6,34950,0,592896,50102
MO,29,34,5,0,10,77803,68500,134654,39376,1,0,13963,296982,0,76837,2012,15798,23295,7.5561935,13457,40451,65401,373,17356,40551,0,33443,2,0,599,0,1526.243968,569289,,221,7297,14521,18434,26.6,562584,288,592896,60206
MO,29,34,6,0,10,81634,68500,12138,45401,1,0,14908,283964,0,92450,13546,7286,17773,7.5561935,6482,32665,65401,13571,15366,45779,0,32516,0,0,775,0,41.9145973,568823,,38383,10013,21197,13534,26.6,271419,0,592896,58704
MO,29,34,7,0,11,88860,68500,4991,51304,0,0,14660,274984,0,87358,11990,4151,11856,11.8136995,5085,27398,65401,9291,13152,53661,0,26368,0,0,411,0,61.1362609,568017,,29752,10095,12180,13860,26.6,219765,0,592896,62532
MO,29,34,8,0,8,92032,68500,24940,54853,0,0,14382,244026,0,97118,13567,5426,8362,367.412212,3777,32783,65401,17470,13232,49903,0,22406,0,0,693,0,32.534917,568385,,30627,14125,11581,18166,26.6,0,126,592896,46882
MO,29,34,9,0,8,72556,68500,20823,47907,0,0,18286,282337,0,88683,12372,5916,13072,367.412212,7796,41870,65401,12147,14361,52076,0,31682,0,0,460,1,46.78011032,568238,,34954,21593,11483,14251,26.6,132069,210,592896,53226
NE,31,35,1,0,10,78562,24100,5656,41399,1,0,14325,274624,0,81392,19129,6455,15721,7.5561935,8804,46942,12883,13399,20277,41307,0,31546,0,0,731,1,39.27837898,534020,,49288,20210,11468,8472,16.3,203498,108,171507,56711
NE,31,35,2,0,10,53069,24100,50541,29577,0,0,13773,272303,0,80680,2639,9948,26681,7.5561935,13922,35264,12883,598,15755,28990,0,37128,1,1,11977,0,880.5568562,526573,,2208,9561,13521,10076,16.3,484400,226,171507,62864
NE,31,35,3,0,10,92517,24100,938,38333,0,0,12861,255212,0,92178,36566,5919,9820,7.5561935,5515,37727,12883,32789,22021,28404,0,27357,0,0,223,0,16.02735674,526272,,67748,9787,12581,7599,16.3,0,65,171507,54822
ND,38,36,1,0,9,92586,8100,3536,34755,0,0,15222,303641,0,117662,29655,13684,15625,0.932429,9459,55806,131279,68994,22779,18671,0,28707,3,2,9893,0,9.258776125,658842,,62012,19343,12174,15843,14.2,202485,119,63557,66327
SD,46,37,1,0,10,108026,19200,3190,43735,0,0,18931,335874,0,135423,39724,17649,19301,7.5561935,7887,62312,501882,75896,26100,34658,0,27602,1,1,6238,0,9.170496469,749733,,83369,18563,12283,15275,10.3,163965,506,78569,71910
VA,51,40,1,0,2,63600,74400,100312,33278,0,1,25677,277940,0,88488,6453,28372,14152,28.008056,14638,61762,161198,3298,21952,36499,0,38176,5,3,19086,0,170.7477259,563126,,5845,11438,8967,11278,10.9,295149,304,689418,55622
VA,51,40,2,0,2,40449,74400,93855,21876,1,1,19197,244505,0,79449,2364,25114,16553,28.008056,27548,51044,161198,283,19136,20294,0,36172,7,5,82240,0,1988.65371,562789,48735645,230,6794,10367,11961,10.9,559253,0,689418,56662
VA,51,40,3,0,2,66182,74400,361108,44178,0,0,17461,257484,0,95193,3572,20074,13485,28.008056,10679,58871,161198,1957,21986,39395,0,26538,2,1,13704,1,286.4793051,563608,48735645,2762,16811,11727,19166,10.9,498415,533,689418,47505
VA,51,40,4,0,2,65045,74400,181667,42198,1,0,23158,270943,0,91807,6184,24438,13283,28.008056,10207,61970,161198,5655,23040,48204,0,34630,4,2,12326,1,99.59434129,563206,,10198,14492,10515,12749,10.9,334404,0,689418,50969
VA,51,40,5,0,2,80354,74400,139457,72907,0,0,18764,283066,0,84347,9283,4673,10896,28.008056,6497,40710,161198,8826,17936,88525,0,29727,0,0,609,0,63.70643553,562273,,18492,18101,8929,11923,10.9,129000,0,689418,46479
VA,51,40,6,0,2,81970,74400,64546,51055,0,0,18726,284592,0,79002,7292,5558,15676,28.008056,7928,39374,161198,5196,18429,56791,0,32541,0,0,633,0,108.2421093,562426,,10633,15387,12214,10612,10.9,254170,461,689418,60411
VA,51,40,7,0,2,61840,74400,56186,30834,0,0,24216,314480,0,82613,4582,9789,32132,28.008056,17234,56306,161198,2543,21293,41163,0,45357,1,0,1143,0,221.2854896,562729,,5121,25224,10506,8130,10.9,398432,0,689418,62635
VA,51,40,8,0,2,52685,74400,75359,17198,0,0,19857,338394,1,61299,1681,69890,26385,28.008056,93695,91554,161198,162,17882,15829,0,58582,3,2,17969,0,3474.123457,562808,,39,3782,12185,9365,10.9,561262,0,689418,49232
VA,51,40,9,0,4,75643,74400,13717,58283,0,0,14699,250636,0,89627,6859,4679,7594,15.6137875,6767,42508,161198,7890,17030,57645,0,25166,0,0,484,0,71.29378961,562508,,17386,20799,7770,16285,10.9,25309,0,689418,43720
VA,51,40,10,0,2,41871,74400,32303,31956,0,0,32466,317049,1,87886,7837,28066,21672,28.008056,28540,56851,161198,3535,23650,34310,0,51076,1,0,5316,0,159.054314,562257,,9909,5135,12970,8988,10.9,237424,0,689418,57505
VA,51,40,11,0,2,33193,74400,46134,17742,0,0,22901,331321,1,84956,1885,54229,26341,28.008056,88076,81083,161198,248,21705,19328,0,59989,1,0,15069,0,2268.532258,562596,,6,5149,12802,8086,10.9,536797,0,689418,58474
AL,1,41,1,0,5,72534,46900,164556,43449,0,1,18756,257686,0,99469,5513,5938,11349,1.5217945,7280,33111,117606,6785,14990,46313,0,27360,0,0,1524,0,85.09579956,577630,37318160,5475,12183,10925,19799,18.2,301197,0,417107,52983
AL,1,41,2,0,5,75396,46900,139311,49886,0,0,16199,266730,0,97543,7931,14087,13075,1.5217945,7175,49579,117606,10131,16148,50645,0,29492,2,2,11250,1,56.97394137,577203,,12491,19344,11820,14127,18.2,202022,152,417107,52623
AL,1,41,3,0,5,74506,46900,150175,65849,0,0,16786,263608,0,99453,5438,12254,9113,1.5217945,5426,43073,117606,8719,15435,74787,0,26800,2,1,5804,0,66.19061819,577116,,8863,15384,7891,17303,18.2,157275,612,417107,45284
AL,1,41,4,0,5,84691,46900,38087,74068,0,0,19383,263925,0,99347,8547,6134,8326,1.5217945,2351,29922,117606,9139,14439,78671,0,25401,0,0,463,0,63.14235693,577058,,16664,9349,9711,16724,18.2,71451,0,417107,48266
AL,1,41,5,0,4,64755,46900,85607,48702,0,0,20679,286996,0,92437,4978,23405,10142,15.6137875,9468,51906,117606,4408,17411,72325,0,33189,1,0,3847,1,130.9516788,577235,,8058,11090,7276,15038,18.2,313113,0,417107,49742
AL,1,41,6,0,5,69964,46900,52555,30397,0,0,18817,293669,0,80539,2644,7032,24866,1.5217945,9284,40079,117606,2846,17091,35595,0,38768,0,0,850,0,202.8004216,577170,,2019,15956,10112,10792,18.2,426918,0,417107,60954
AL,1,41,7,0,5,80780,46900,389452,48164,0,0,12921,237767,0,112138,5200,7707,9949,1.5217945,2549,40034,117606,8719,17709,40116,0,20773,0,0,1242,0,66.22663149,577430,,5779,14618,8408,23792,18.2,367925,707,417107,44256
AR,5,42,1,0,8,89359,26000,105251,56158,0,0,13386,253428,0,110743,16152,6010,9708,367.412212,3150,33787,390163,16598,13323,56466,0,21889,1,1,3451,0,35.46138089,588588,,21025,14454,10753,19277,13.2,34549,0,254746,47647
AR,5,42,2,0,11,72311,26000,103456,43385,0,0,16610,286980,0,91862,5394,10668,17523,11.8136995,7753,48025,390163,5923,13830,42458,0,30011,1,1,5552,1,99.17474253,587412,,7101,23527,13159,15026,13.2,305498,772,254746,60446
AR,5,42,3,0,11,92222,26000,9277,58967,0,0,15078,275250,0,95731,12058,5278,10913,11.8136995,8977,30308,390163,11509,11900,67862,0,25935,1,1,1053,0,51.22278217,589523,,22474,13130,11893,12745,13.2,166745,155,254746,57846
AR,5,42,4,0,8,95924,26000,155470,52140,0,0,15340,250710,0,106749,11573,7665,8641,367.412212,4987,37817,390163,18043,13523,56589,0,24217,1,0,727,0,32.43374162,585202,,12989,16629,9966,17521,13.2,84817,0,254746,45954
FL,12,43,1,0,5,63945,150200,71981,28101,0,1,18837,249851,0,87803,4773,23549,12173,1.5217945,16789,51744,2198321,4477,19148,24287,0,29821,9,3,27691,0,125.6589234,562670,,3507,9047,10102,14388,9.6,387603,0,1631335,56616
FL,12,43,2,1,5,65613,150200,135102,30847,0,1,17725,264331,0,90928,9626,7988,11887,1.5217945,14205,78902,2198321,11191,23638,,0,27923,1,1,5283,1,50.25556251,562479,,9791,47276,7276,13653,9.6,238486,270,,49740
FL,12,43,3,1,5,71550,150200,264146,40265,0,0,18306,255498,0,98048,8003,9207,17798,1.5217945,21259,38844,2198321,1757,21244,,0,25361,0,0,5938,0,320.4775185,562080,,2130,8393,14792,17376,9.6,450053,0,,53043
FL,12,43,4,1,5,76798,150200,35481,26541,1,1,20370,283222,0,70727,4042,10608,30967,1.5217945,26323,36670,2198321,2153,18202,,0,37073,1,1,16386,0,261.1026475,562459,,680,7860,15167,10790,9.6,431795,0,,64427
FL,12,43,5,1,5,139522,150200,47473,22178,0,1,16583,224822,0,65668,6337,5136,12684,1.5217945,31912,47214,2198321,4688,17531,,0,25968,0,0,716,1,120.0802048,562926,,4938,24547,6295,12312,9.6,298143,379,,50104
FL,12,43,6,1,5,103557,150200,61758,32205,0,0,17615,236437,0,83199,9059,8758,15358,1.5217945,17425,37643,2198321,4075,18066,,0,28807,2,1,8695,0,137.7825767,562219,,6177,10819,10543,11799,9.6,162741,0,,53882
FL,12,43,7,0,5,88608,150200,22917,27730,0,1,22738,290119,0,74453,4862,5207,22803,1.5217945,33421,32040,2198321,969,20276,31784,0,35395,0,0,1074,0,581.5810114,563552,,966,6557,9938,12673,9.6,475687,0,1631335,70960
FL,12,43,8,0,5,63031,150200,28896,30390,0,0,21839,311293,0,72796,5023,7366,22520,1.5217945,43980,32830,2198321,843,19004,28382,0,36110,1,0,12404,0,666.9561091,562244,,991,6460,14951,12066,9.6,504423,0,1631335,70525
FL,12,43,9,0,5,122012,150200,18909,23381,0,0,18419,268022,0,66894,5073,5472,23410,1.5217945,36121,29999,2198321,896,18380,25464,0,34585,0,0,1077,0,628.140625,562814,46791622,1976,6147,10652,11055,9.6,440877,0,1631335,67076
FL,12,43,10,0,5,147116,150200,52476,28297,0,0,16717,263277,0,57560,3705,6233,22764,1.5217945,38848,28736,2198321,150,18056,35271,0,31582,0,0,1234,0,3748.673333,562301,,0,4447,8151,10225,9.6,562284,587,1631335,61769
FL,12,43,11,0,5,67189,150200,96432,35670,0,0,17131,299580,0,72860,4676,7636,25838,1.5217945,45203,41387,2198321,252,22845,28128,0,31197,1,1,4830,0,2231.321429,562293,46791622,140,10906,13968,15316,9.6,554201,538,1631335,71337
FL,12,43,12,0,5,96315,150200,71267,39885,0,0,17865,255685,0,87925,12677,3514,13904,1.5217945,23386,32211,2198321,3502,20682,30958,0,29239,0,0,1357,0,160.5885208,562381,,6808,8015,10159,15579,9.6,266579,0,1631335,57453
FL,12,43,13,0,5,173864,150200,30404,25373,0,1,20222,237154,0,58563,9187,2861,19149,1.5217945,35435,24983,2198321,1540,17695,22800,0,32512,0,0,522,0,365.2603896,562501,,1711,4427,6672,8832,9.6,464603,0,1631335,57839
FL,12,43,14,0,5,144033,150200,31618,25550,0,1,28202,248732,0,64379,9865,3173,22679,1.5217945,37325,27593,2198321,3493,18727,13900,0,33291,0,0,354,0,161.0332093,562594,,867,5693,9002,9215,9.6,361713,0,1631335,59387
FL,12,43,15,0,5,104314,150200,42640,26674,0,1,21804,266793,0,72047,6629,10751,14855,1.5217945,30174,34784,2198321,3132,18445,42076,0,34313,2,1,3865,0,179.6111111,562542,,1595,5588,9112,13438,9.6,427448,0,1631335,56596
FL,12,43,16,0,5,134300,150200,21680,23000,0,1,24539,258165,0,65569,10848,3638,19965,1.5217945,45250,30912,2198321,5273,21249,23719,0,35025,0,0,505,1,106.5533852,562833,,2516,6025,8284,11099,9.6,405271,0,1631335,58497
FL,12,43,17,0,5,55742,150200,329668,39552,1,1,15398,260046,0,111931,5962,8245,12567,1.5217945,165700,43075,2198321,104,26664,23372,0,24636,2,1,3412,0,5416.192308,563284,,0,8166,16952,26041,9.6,563260,0,1631335,51047
FL,12,43,18,0,5,97853,150200,21955,34655,1,1,19088,290069,0,64875,4675,5148,24483,1.5217945,319736,29290,2198321,115,18608,28438,0,30814,0,0,968,0,4890.382609,562394,,162,5534,17404,19108,9.6,561387,614,1631335,64181
FL,12,43,19,0,5,158467,150200,15307,16869,0,0,18773,262333,0,55570,4644,3801,28394,1.5217945,68135,24741,2198321,263,16522,22827,0,40691,0,0,305,0,2140.60076,562978,,239,4418,9515,10381,9.6,547157,0,1631335,68852
FL,12,43,20,0,5,91701,150200,25102,21836,0,1,21501,293791,0,68051,5635,7796,25138,1.5217945,79208,39331,2198321,3459,25148,22794,0,41369,1,1,4096,0,162.6692686,564157,,1682,6387,17506,11172,9.6,456827,0,1631335,68831
FL,12,43,21,0,5,55885,150200,23431,40625,1,0,16913,308196,0,79734,2329,5418,25675,1.5217945,313743,31022,2198321,237,20050,43634,0,34528,0,0,561,0,2373.004219,562402,,0,5554,24786,18107,9.6,557737,0,1631335,72140
FL,12,43,22,0,5,174436,150200,16102,18530,1,1,17241,268636,0,34769,3209,3132,28474,1.5217945,117328,22988,2198321,127,16039,21794,0,39419,0,0,280,0,4417,560959,,0,3817,12168,11946,9.6,560787,0,1631335,66333
FL,12,43,23,0,5,73410,150200,291230,37069,0,0,22760,271226,0,97154,12512,4261,14863,1.5217945,101890,36475,2198321,1230,24926,24151,0,26238,0,0,317,1,458.2479675,563645,,560,7288,11609,21348,9.6,503534,0,1631335,55453
GA,13,44,1,1,5,65286,90100,179555,41503,0,1,19492,259372,0,97903,7309,12848,10855,1.5217945,9904,48397,37921,10470,19562,,0,28865,3,2,25371,0,56.3165234,588541,,7838,15987,12638,15523,12.7,248390,0,,52069
GA,13,44,2,1,5,71255,90100,230432,53505,0,0,13455,258599,0,113168,14368,9220,9359,1.5217945,8158,46461,37921,10134,18734,,0,25186,2,1,13666,0,58.41829485,587603,,15992,18507,8427,16889,12.7,101695,0,,50322
GA,13,44,3,1,5,55743,90100,145300,48751,0,0,19209,289932,0,101899,3431,13856,16894,1.5217945,14000,46691,37921,3828,20399,,0,35084,1,1,12714,0,154.6504702,589718,,4274,12436,27241,15986,12.7,299123,0,,60420
GA,13,44,4,1,5,45125,90100,215648,34399,0,0,17584,353265,0,81469,2879,15481,30572,1.5217945,44297,48590,37921,443,20316,,0,42177,0,0,877,0,1330.232506,589431,,150,12793,17765,16674,12.7,575659,356,,75415
GA,13,44,5,1,5,61570,90100,365023,40079,1,0,14093,302906,0,86243,2836,13907,24235,1.5217945,22333,47362,37921,405,20925,,0,29713,1,1,1375,0,1448.212346,589380,,283,12530,24209,22731,12.7,571609,0,,58070
GA,13,44,6,1,5,31185,90100,37103,22056,0,0,21328,355591,0,83873,2704,7514,39213,1.5217945,26639,29979,37921,585,15393,,0,54111,0,0,1265,0,1002.805128,589018,,311,7072,16011,11208,12.7,523955,0,,89079
GA,13,44,7,1,5,64196,90100,77785,63989,0,0,25027,303726,0,98395,4136,5784,15351,1.5217945,8363,37358,37921,3703,19622,,0,33074,2,1,1156,0,158.7677559,589915,,5716,11952,13929,15344,12.7,225983,0,,60451
GA,13,44,8,1,5,71913,90100,182716,55059,0,0,15265,271715,0,104667,9730,19880,11822,1.5217945,6179,53533,37921,10644,18270,,0,28242,2,2,4763,1,55.50873732,587912,,13938,15383,10803,16372,12.7,186988,257,,50149
GA,13,44,9,1,5,69003,90100,21210,77060,0,0,23789,302602,0,96892,7832,4579,13730,1.5217945,9938,33304,37921,5804,17847,,0,30750,0,0,564,0,101.0182633,589355,,10675,10878,10077,12425,12.7,47408,0,,55656
GA,13,44,10,1,5,65924,90100,220672,53813,0,0,19584,269381,0,104205,6397,14605,10601,1.5217945,10148,57833,37921,5114,18549,,0,29122,1,1,10686,1,115.7031678,588046,,11776,24679,7784,15015,12.7,220540,0,,46367
GA,13,44,11,1,5,51347,90100,69438,48745,0,0,25535,311293,0,99432,6552,6813,18790,1.5217945,13167,45833,37921,6784,20155,,0,38542,1,1,698,0,86.28257665,589317,,9130,18865,10333,12758,12.7,258248,837,,67703
LA,22,45,1,1,8,107676,40100,90136,39716,1,1,26106,440027,0,100175,5344,13112,33872,367.412212,43599,55758,319359,2880,24907,,0,32866,0,0,2262,0,209.3222222,892691,55563914,3840,17739,21301,24620,13.8,673375,0,,103345
LA,22,45,2,1,8,74976,40100,426369,40398,1,1,14512,322135,0,129361,3423,13255,15412,367.412212,31692,53407,319359,258,22278,,0,21969,0,0,5982,0,2336.333333,748363,55563914,27,17874,19248,36514,13.8,745999,325,,63528
LA,22,45,3,1,8,89478,40100,203766,73010,0,1,28568,413526,0,179661,10885,7979,18110,367.412212,14648,52025,319359,6566,26260,,0,26252,1,1,2054,1,91.87602802,985142,175124114,5158,17786,24195,33656,13.8,350552,0,,83487
LA,22,45,4,1,8,78656,40100,199787,38475,0,0,13648,254997,0,115433,6262,11735,11494,367.412212,7367,46110,319359,6731,17206,,0,24867,3,2,20483,1,89.5961967,625414,122143111,7065,17169,9413,26708,13.8,256727,259,,47783
LA,22,45,5,1,8,86096,40100,193778,38347,0,0,16160,266994,0,122965,10736,8683,12501,367.412212,5395,50971,319359,9715,17794,,0,22377,2,1,3754,0,62.09089038,663834,,14432,24494,8898,24548,13.8,222681,0,,50989
LA,22,45,6,1,8,55372,40100,191278,33002,0,0,21295,279794,0,96718,4084,4811,16706,367.412212,10805,54287,319359,9220,16994,,0,31288,0,0,502,1,65.30683297,602764,122143111,3965,32482,9362,21557,13.8,365647,0,,52809
LA,22,45,7,1,8,65127,40100,143779,35643,0,1,16195,251032,0,110553,6384,4150,10789,367.412212,6260,34646,319359,8194,16278,,0,24772,0,0,507,0,73.55125702,603120,37088067,8077,14218,10208,21337,13.8,249137,0,,50479
MS,28,46,1,0,5,67906,24400,117486,67369,0,0,14202,240550,0,92227,5983,4955,7554,1.5217945,2440,30185,159713,10396,12365,78840,0,25412,0,0,538,0,49.55713736,515196,,14887,12865,11347,14750,9.3,29324,0,228493,41371
MS,28,46,2,0,8,66510,24400,324340,37776,0,0,10803,201161,0,109875,11506,7131,7019,367.412212,1909,38387,159713,12251,15642,35588,0,19236,0,0,546,1,41.9940413,514469,,13794,15614,5635,22269,9.3,36186,0,228493,35019
MS,28,46,3,0,5,62975,24400,161748,46324,0,0,13486,234720,0,93454,6802,7552,11749,1.5217945,3643,40231,159713,10004,14105,53135,0,26396,3,2,4232,0,51.50189924,519482,,13122,18574,8874,15117,9.3,68660,0,228493,43207
MS,28,46,4,0,8,67559,24400,209210,37989,0,0,12760,225917,0,91763,5957,6197,12754,367.412212,3365,39960,159713,7835,14563,33743,0,24491,0,0,616,0,65.56668794,513715,,9255,19200,7893,18089,9.3,184353,350,228493,43082
MS,28,46,5,0,5,56409,24400,103085,33730,0,1,14655,221137,0,93654,4422,14341,9086,1.5217945,9026,41964,159713,6427,15986,40168,0,25736,3,1,11476,0,80.07017271,514611,24021297,5206,11637,7597,16854,9.3,299181,459,228493,42285
NC,37,47,1,0,5,86491,104000,353983,72892,0,0,17228,246996,0,117641,13950,7045,7219,1.5217945,4116,45155,359282,8150,17429,75761,0,22065,2,1,2573,0,67.90503067,620094,,19872,20681,7927,19309,8.9,99229,0,707899,48654
NC,37,47,2,0,5,76190,104000,130729,55410,0,0,22004,286505,0,90828,9686,6495,14222,1.5217945,10085,45109,359282,4134,15630,70002,0,32469,0,0,2449,0,133.6548137,588375,,15186,22984,7824,12451,8.9,108587,267,707899,56826
NC,37,47,3,0,5,75075,104000,152213,52285,0,1,22973,261335,0,102435,14293,15597,12161,1.5217945,9566,58856,359282,7532,17558,54473,0,28625,1,1,22879,0,73.27642061,628733,,16897,25701,8558,14830,8.9,160101,0,707899,63244
NC,37,47,4,0,5,46156,104000,110993,29964,0,0,19359,321449,0,74051,4623,6220,20915,1.5217945,22005,64906,359282,1836,14843,46314,0,42478,0,0,665,1,300.8937908,552441,,5406,43843,11402,10266,8.9,356993,0,707899,64887
NC,37,47,5,0,5,76189,104000,84149,70307,0,0,18800,291264,0,80745,7478,3195,12241,1.5217945,5762,35989,359282,4143,13930,89922,0,30996,0,0,343,0,133.318127,552337,,15054,18864,11485,11669,8.9,113335,0,707899,50628
NC,37,47,6,0,5,68394,104000,40660,67752,0,0,18520,314266,0,78393,4380,3801,17191,1.5217945,7454,32436,359282,2458,14218,100176,0,35953,0,0,325,0,224.8425549,552663,,7206,14417,12280,8709,8.9,221128,0,707899,61275
NC,37,47,7,0,5,51169,104000,108163,44821,0,1,21185,225060,0,93932,6864,11539,11228,1.5217945,12436,41373,359282,3614,13834,46124,0,28092,5,4,76952,1,152.7495849,586905,,9686,16000,7428,14824,8.9,291706,184,707899,50146
NC,37,47,8,0,5,66177,104000,135718,74460,0,0,20310,273784,0,101514,6822,7316,10327,1.5217945,8109,34219,359282,4438,12279,89896,0,30399,0,0,10134,0,124.3891393,568770,,8530,14624,9365,13090,8.9,145347,575,707899,51215
NC,37,47,9,0,5,56168,104000,48431,47747,1,0,18555,317014,0,76291,2884,3390,27412,1.5217945,16111,27142,359282,1042,13254,69294,0,41441,0,0,431,1,530.2207294,552490,,1882,10498,15086,9987,8.9,397921,0,707899,70799
NC,37,47,10,0,5,67730,104000,29616,85607,0,0,18170,305379,0,86773,7386,2847,11159,1.5217945,5635,28791,359282,4366,12086,113594,0,32577,0,0,469,1,126.5009162,552303,,9942,13858,11565,9789,8.9,106865,0,707899,53453
NC,37,47,11,0,5,98286,104000,39680,62380,0,0,21247,267899,0,81974,6718,5679,8973,1.5217945,6609,36654,359282,6071,13788,74480,0,28240,0,0,488,0,91.00592983,558808,,11656,17187,7584,13043,8.9,102425,349,707899,48896
NC,37,47,12,0,5,64109,104000,313439,65366,1,0,17189,290544,0,91114,3510,5654,16124,1.5217945,9066,36530,359282,829,16706,64955,0,27977,0,0,724,0,665.8106152,551957,,2313,14170,13417,16622,8.9,442015,0,707899,56538
SC,45,48,1,0,5,53689,27700,116791,34269,0,1,25386,276042,0,93611,4931,21975,15223,1.5217945,13609,56142,25839,3147,14549,38154,0,32082,4,2,30926,0,184.7616778,581445,,4429,19618,10320,11699,5.8,387510,235,364230,61830
SC,45,48,2,0,5,58556,27700,147831,35773,0,1,21313,290071,0,94303,5611,12331,22808,1.5217945,12775,60940,25839,5225,15020,41565,0,35402,5,2,20129,0,111.1242105,580624,,6293,33589,8093,11955,5.8,245748,344,364230,56219
SC,45,48,3,0,5,75458,27700,120091,70802,0,0,21211,288506,0,97689,4686,6603,9753,1.5217945,5210,40638,25839,5385,11757,93343,0,31237,0,0,572,1,107.8687094,580873,,8522,22278,6740,14202,5.8,121991,0,364230,48531
SC,45,48,4,0,5,71524,27700,114656,65371,0,0,21343,303767,0,92581,3120,2846,13729,1.5217945,9516,27878,25839,2186,12383,90094,0,32866,0,0,457,0,265.9583715,581385,,3046,12649,10056,13294,5.8,352042,0,364230,61426
SC,45,48,5,0,5,68542,27700,178777,74370,0,0,18647,281716,0,106648,6735,4614,10563,1.5217945,4878,33685,25839,6829,12089,94223,0,29451,1,1,9741,1,85.10382194,581351,,10345,16982,7953,16233,5.8,95288,0,364230,48724
SC,45,48,6,0,5,68365,27700,361864,57268,0,1,19411,257996,0,115277,8512,8313,9836,1.5217945,3979,47027,25839,7337,13734,54211,0,22973,0,0,2600,0,79.21521058,581202,,15930,24980,8177,19361,5.8,222693,0,364230,47660
TX,48,49,1,0,13,90383,184000,102299,44899,0,0,15593,248343,0,102103,10216,9296,9481,8.9460405,10786,37060,1054354,11567,13585,43512,0,26629,1,0,521,0,48.89720757,565594,,17152,14179,8758,16462,12.5,74553,0,1650800,48569
TX,48,49,2,0,13,80535,184000,94517,40692,0,0,18297,231862,0,105441,8978,3902,8068,8.9460405,15186,38930,1054354,14195,14101,41052,0,25750,0,0,307,0,39.86657274,566454,,10283,20927,9603,16205,12.5,8415,0,1650800,43927
TX,48,49,3,1,13,26919,184000,41708,25982,1,0,14705,335764,0,94396,2448,6256,34440,8.9460405,47951,28771,1054354,315,16675,,0,48762,0,0,372,0,1795.495238,567383,,410,5840,10770,12136,12.5,543496,0,,74601
TX,48,49,4,0,13,77324,184000,47020,41997,1,0,17137,274486,0,98864,7851,4830,15850,8.9460405,12786,34108,1054354,6823,16189,51220,0,32013,0,0,329,0,83.13513117,567231,,15267,13089,9994,14206,12.5,182567,71,1650800,56831
TX,48,49,5,1,13,71099,184000,89332,37334,0,0,17452,280707,0,88454,6461,4848,22888,8.9460405,43246,34245,1054354,6604,16114,,0,29798,0,0,470,0,85.69291339,566887,,8293,13283,11251,16698,12.5,367506,0,,58543
TX,48,49,6,1,13,32768,184000,28790,27217,1,0,16201,330700,0,89340,2078,11162,26103,8.9460405,24179,35797,1054354,867,16963,,0,47795,1,1,2236,0,653.1211073,565504,,1114,7672,27384,12132,12.5,474805,0,,68757
TX,48,49,7,1,13,33213,184000,33947,20827,1,0,22086,325020,0,87760,2925,3891,32214,8.9460405,89562,24902,1054354,526,12585,,0,49539,0,0,353,0,1076.882129,565007,114465835,307,8426,9619,12966,12.5,545361,0,,71798
TX,48,49,8,1,13,39618,184000,28695,25748,1,0,20267,289190,0,102904,4948,4837,19325,8.9460405,28852,45367,1054354,3050,17913,,0,42870,0,0,473,0,185.7613115,565315,114465835,6917,22617,16424,12405,12.5,290947,0,,61375
TX,48,49,9,1,13,63171,184000,122375,32528,1,1,19483,272644,0,99532,3364,6505,12982,8.9460405,26366,41184,1054354,2056,17030,,0,35100,0,0,1240,0,275.3667315,564287,210154608,1102,17649,11170,16930,12.5,491902,0,,52822
TX,48,49,10,0,13,39655,184000,62858,24929,1,0,15225,316965,0,80688,3388,11926,23743,8.9460405,44738,74665,1054354,798,19566,35602,0,35723,1,1,4622,0,709.7205514,566357,,1189,43173,8006,17401,12.5,521160,0,1650800,58389
TX,48,49,11,0,13,71395,184000,90104,33511,0,0,13033,230624,0,97419,8569,15397,11664,8.9460405,24002,41489,1054354,11298,13996,30608,0,26698,1,1,38107,0,50.12214551,566280,,15249,12096,8197,16210,12.5,340922,1157,1650800,46119
TX,48,49,12,0,13,65900,184000,45334,44942,1,0,20060,280345,0,93268,4368,9312,16011,8.9460405,42022,30448,1054354,1723,15399,57798,0,31729,1,1,3308,0,328.4898433,565988,,5101,5737,13620,17095,12.5,432914,0,1650800,59910
TX,48,49,13,0,11,81102,184000,44925,39346,0,0,14899,253774,0,103327,15902,6840,10294,11.8136995,25426,38996,1054354,31756,15225,29792,0,25721,1,1,6958,0,17.84487971,566682,,13004,16931,8809,15913,12.5,269472,0,1650800,53850
TX,48,49,14,0,13,76103,184000,60270,38531,1,1,20818,259128,0,105702,14814,5357,11543,8.9460405,22640,40277,1054354,15378,17539,34711,0,29173,0,0,664,1,36.80634673,566008,,23244,17381,7750,15887,12.5,55833,0,1650800,50022
TX,48,49,15,0,13,61799,184000,6397,31397,0,1,14597,217324,0,144134,13532,5494,8450,8.9460405,101729,37817,1054354,8450,17876,19896,0,19554,1,1,1378,0,67.07751479,566805,56266693,9585,14447,6609,25581,12.5,275662,0,1650800,44689
TX,48,49,16,0,12,46880,184000,20313,36025,1,0,10772,233127,0,128513,2369,13437,10727,2.533392,136748,41568,1054354,485,16890,36202,0,24108,1,1,14564,0,1167.501031,566608,,499,11241,9017,23240,12.5,547846,0,1650800,49164
TX,48,49,17,0,13,89848,184000,19976,37335,0,0,15015,247014,0,102991,14575,6397,10059,8.9460405,19798,38681,1054354,28144,17004,28445,0,26263,1,1,6191,1,20.11991899,566255,,19687,15280,8577,15962,12.5,157219,127,1650800,48076
TX,48,49,18,1,13,53958,184000,253917,40212,1,0,19442,277165,0,103238,3028,5549,15175,8.9460405,71986,31296,1054354,250,15802,,0,25054,0,0,272,0,2258.832,568146,114465835,0,9945,13867,27228,12.5,568146,877,,57004
TX,48,49,19,0,11,57136,184000,14129,31152,0,0,14647,278872,0,104634,13588,6362,15758,11.8136995,25850,43861,1054354,20187,20360,22866,0,32227,1,1,2081,0,28.03413088,565925,,8902,17139,10379,13454,12.5,345539,0,1650800,61022
TX,48,49,20,0,13,53716,184000,32104,28325,1,0,13574,250483,0,104348,2770,22388,18336,8.9460405,56583,48891,1054354,290,16479,19186,0,25398,4,3,20320,0,1947.810345,564865,,606,10024,8116,21291,12.5,549470,0,1650800,53808
TX,48,49,21,0,13,75757,184000,14155,22964,1,0,16409,282164,0,91667,8368,12841,24315,8.9460405,23400,47356,1054354,17316,18257,29160,0,37861,2,1,7882,0,32.69259644,566105,,11945,16258,9495,12006,12.5,277188,190,1650800,57746
TX,48,49,22,1,13,32247,184000,71894,26032,0,0,21428,304311,0,107055,3708,6840,20619,8.9460405,69227,37018,1054354,1625,15826,,0,45166,0,0,560,0,349.4473846,569350,114465835,1994,14352,11047,13235,12.5,386008,0,,62320
TX,48,49,23,0,12,50837,184000,16532,29577,1,0,13693,236209,0,131791,9354,11181,13129,2.533392,92577,44816,1054354,58411,19682,15599,0,24064,2,2,34538,0,9.702556025,566736,,5765,13953,10341,21779,12.5,265009,559,1650800,48847
TX,48,49,24,1,13,51600,184000,115740,50583,1,0,17390,284128,0,106500,4015,9833,16779,8.9460405,52748,34252,1054354,2123,16216,,0,31159,2,2,1970,0,266.4997645,567791,,2981,8203,15462,19190,12.5,454976,0,,58905
TX,48,49,25,1,13,42571,184000,129857,33997,1,1,22902,303961,0,93723,2176,5903,19445,8.9460405,73562,34620,1054354,296,16610,,0,35495,0,0,430,0,1909.466216,563510,114465835,86,12107,13896,19316,12.5,556868,0,,62228
TX,48,49,26,1,13,42360,184000,30387,23972,1,0,12791,342809,0,71408,2936,5511,38204,8.9460405,49491,26023,1054354,701,13575,,0,50788,0,0,415,0,808.4479315,564764,,732,6937,17815,12682,12.5,479486,0,,78656
TX,48,49,27,0,13,57683,184000,13771,28929,0,1,15183,238459,0,131254,6175,9824,10905,8.9460405,73428,41782,1054354,4076,19728,23414,0,24016,3,1,2965,0,138.8596663,565992,56266693,2865,12230,8046,23087,12.5,454818,0,1650800,50889
TX,48,49,28,0,13,59528,184000,48437,36302,1,0,16504,236118,0,126219,7757,15942,10387,8.9460405,52062,44749,1054354,12177,18427,20921,0,22425,2,2,6519,0,46.51777942,566447,,8081,10380,9541,23259,12.5,330442,0,1650800,49542
TX,48,49,29,1,13,38219,184000,87068,52557,1,0,29350,268722,0,123990,2756,4750,12210,8.9460405,110106,25916,1054354,182,14049,,0,26342,0,0,311,0,3115.038462,568250,114465835,32,7117,18353,22442,12.5,561368,0,,59253
TX,48,49,30,1,13,45001,184000,251692,47987,1,0,15171,288610,0,103502,3219,9343,22361,8.9460405,57415,32778,1054354,233,17505,,0,27707,0,0,427,0,2433.377682,564902,,0,5930,18876,24906,12.5,564746,0,,59602
KY,21,51,1,1,4,93687,45500,47799,61455,0,0,15688,269270,0,101282,12872,8054,8874,15.6137875,4010,35325,158468,11229,12009,,0,24800,1,1,12801,0,54.69872651,614265,,41045,15262,10190,19837,20.4,48231,0,,50355
KY,21,51,2,1,4,70156,45500,33349,61530,0,0,18714,284214,0,105022,13702,10866,11683,15.6137875,6484,37013,158468,7761,13105,,0,27031,1,1,14862,0,79.26607396,615131,,49969,13042,10277,18366,20.4,113163,0,,56039
KY,21,51,3,0,4,85092,45500,112278,44182,0,0,15060,309313,0,78699,2264,8765,22392,15.6137875,9183,35657,158468,238,15549,51486,0,32863,1,0,660,0,2576.747899,613266,,82,11343,15009,17687,20.4,602287,266,368031,65369
KY,21,51,4,1,4,72563,45500,12960,50877,0,0,18656,288295,0,97745,9338,9495,15536,15.6137875,4179,36010,158468,5842,12007,,0,31500,0,0,457,0,105.1711743,602896,,31070,14508,16929,14860,20.4,292012,0,,60045
KY,21,51,5,1,4,74683,45500,5728,45791,0,0,12774,221371,0,121181,5350,4167,6638,15.6137875,1380,31838,158468,10017,12202,,0,17816,0,0,352,0,61.29370071,624837,,20673,15469,10253,25431,20.4,0,0,,41204
KY,21,51,6,1,4,70635,45500,49943,46992,0,0,17893,315851,0,95376,14228,8864,15433,15.6137875,8883,55139,158468,4642,15103,,0,30460,1,0,699,0,132.323352,614901,,31365,31172,9776,16692,20.4,221116,650,,60793
MD,24,52,1,0,2,74516,52000,89992,42148,1,1,28845,316881,0,83741,9353,20727,17659,28.008056,13639,60822,34386,3476,22490,42510,0,40440,1,0,7616,0,171.985328,597821,35880141,11567,17605,14169,11507,18.6,252840,0,528902,66067
MD,24,52,2,0,2,71998,52000,34943,35550,0,1,26512,321422,1,77155,3610,19797,26039,28.008056,19953,54037,34386,903,22976,46943,0,45303,1,0,6112,0,661.627907,597450,,2657,11264,13350,10308,18.6,453229,787,528902,64333
MD,24,52,3,0,2,79329,52000,103564,30591,1,1,20275,318100,1,69912,1861,23870,25635,28.008056,32730,60221,34386,213,20841,36322,0,41804,2,2,7201,0,2806.159624,597712,35880141,203,15510,12600,12348,18.6,586569,0,528902,61733
MD,24,52,4,0,2,43589,52000,349375,30740,0,0,21247,350723,1,85529,2064,71958,24244,28.008056,80911,111198,34386,193,29003,16902,0,46396,5,1,8533,0,3097.362694,597791,,139,10237,19065,14816,18.6,588033,0,528902,50607
MD,24,52,5,0,2,45094,52000,110764,29373,0,1,32596,339228,1,81924,4590,57329,19518,28.008056,33443,97142,34386,1567,25094,21725,0,51367,3,0,9294,1,381.3484365,597573,,6697,14719,13416,9908,18.6,310715,0,528902,62974
MD,24,52,6,0,2,68332,52000,26729,38992,0,0,31563,313112,1,90632,7378,20686,20124,28.008056,12514,57717,34386,2852,23491,41627,0,42229,2,2,5648,0,209.5582048,597660,,10125,13540,11640,10072,18.6,250069,0,528902,60743
MD,24,52,7,0,2,72043,52000,424441,38916,1,0,14601,287190,1,89792,1967,21391,18540,28.008056,17331,68392,34386,108,25271,29000,0,30115,0,0,1034,0,5534.268519,597701,35880141,98,21730,14617,24069,18.6,592868,200,528902,44027
MD,24,52,8,0,2,61779,52000,49122,13998,0,0,19865,346222,1,74636,3013,50937,30725,28.008056,102973,76927,34386,459,21284,19915,0,64199,1,0,3580,0,1302.309368,597760,,1110,4706,7316,7752,18.6,547013,0,528902,56873
OK,40,53,1,0,11,119200,31000,99968,57876,1,0,25086,270670,0,161404,4686,9410,36436,11.8136995,26232,49194,5263,673,24492,78510,0,34105,0,0,754,0,778.8038633,1048270,,1750,15292,32948,27258,12.9,924952,0,609423,117114
OK,40,53,2,0,11,152118,31000,52009,81598,1,0,29362,227519,0,186587,18495,13721,17276,11.8136995,6075,72221,5263,11696,24780,79930,0,24808,0,0,514,0,44.83490082,1021721,,42292,33720,21608,28456,12.9,25654,140,609423,82633
OK,40,53,3,0,11,161579,31000,40024,74291,1,0,23268,224304,0,176496,18654,16450,15416,11.8136995,9094,83317,5263,17963,24247,62863,0,23106,1,0,709,0,29.18705116,981077,,44066,42620,13864,31510,12.9,4938,0,609423,75624
OK,40,53,4,0,11,98605,31000,65585,51866,1,0,18642,238390,0,155195,12288,30444,17385,11.8136995,23564,86421,5263,8086,22847,41163,0,29639,3,3,22456,0,64.85369775,856828,,22380,33130,14553,25666,12.9,403610,0,609423,73953
OK,40,53,5,0,11,84351,31000,30592,36480,1,0,15763,268490,0,105096,6613,11847,23927,11.8136995,17919,48491,5263,4662,15133,41847,0,34888,0,0,1312,0,112.3399828,653703,,8537,21511,10411,15099,12.9,399390,0,609423,70246
OK,40,53,6,0,11,106925,31000,78886,48519,1,0,16768,240696,0,127062,21385,17210,14111,11.8136995,15016,60538,5263,25595,18540,30875,0,26418,1,1,3590,0,20.49767533,707592,,30950,24788,13813,20778,12.9,243027,284,609423,63143
TN,47,54,1,0,6,75980,57000,9990,56700,0,0,16931,264028,0,83004,5882,5749,8934,0.562976,3538,31715,333345,4217,17091,71732,0,26407,0,0,384,0,128.5221722,541978,,19341,8875,8017,17507,17.3,198998,349,513716,53383
TN,47,54,2,0,6,70404,57000,35199,46294,0,0,17147,274284,0,80573,4195,10572,11814,0.562976,7482,42315,333345,2487,16912,53289,0,30917,0,0,587,0,217.8447929,541780,,5640,14831,10339,15035,17.3,303327,0,513716,59860
TN,47,54,3,0,6,74027,57000,62795,49251,0,0,15928,262737,0,82079,4310,15200,14525,0.562976,6661,41747,333345,4315,18052,57352,0,29557,0,0,446,1,125.6234067,542065,,5300,8495,8568,15195,17.3,250680,0,513716,50113
TN,47,54,4,0,6,78004,57000,19521,71279,0,0,16123,253005,0,91086,9684,6795,7964,0.562976,2979,30799,333345,9340,16233,81387,0,24532,1,1,562,1,57.99250535,541650,,25400,7771,8416,15614,17.3,386,0,513716,43055
TN,47,54,5,0,6,62910,57000,123478,35536,1,0,14826,293835,0,68491,2953,6559,22806,0.562976,12718,38613,333345,879,18508,37624,0,34396,0,0,808,0,616.4709898,541878,,2601,13546,13349,13306,17.3,502109,322,513716,63223
TN,47,54,6,0,6,59062,57000,31015,57019,1,0,18911,281653,0,90506,6678,6136,15713,0.562976,6151,34083,333345,5366,15989,70669,0,33945,0,0,570,0,101.0067089,542002,,20902,11958,11490,12663,17.3,71045,524,513716,56255
TN,47,54,7,0,6,54718,57000,66842,46483,1,0,16817,267725,0,87681,5435,10434,15571,0.562976,8517,38727,333345,6609,17841,56448,0,33405,0,0,13735,0,82.05023453,542270,,13787,10452,16289,13038,17.3,222076,0,513716,53588
TN,47,54,8,0,8,76316,57000,106365,58498,1,0,14789,251295,0,90725,7323,8262,9728,367.412212,3760,37202,333345,7749,18833,66743,0,27241,2,1,9436,0,69.92540973,541852,,18709,10107,9823,16158,17.3,127454,0,513716,46773
TN,47,54,9,0,8,66950,57000,321836,39299,1,0,10808,256515,0,87958,2252,11184,13316,367.412212,7308,42511,333345,253,22188,28569,0,26590,1,0,712,0,2141.146245,541710,,0,9139,21283,22071,17.3,540868,645,513716,53905
WV,54,56,1,0,4,93292,19900,9312,44596,0,0,14571,259983,0,94426,4079,6332,9779,15.6137875,7192,39536,31956,5946,14362,42010,0,27220,0,0,539,0,100.5812311,598056,,7672,18842,9591,20340,28.9,143657,165,204959,50834
WV,54,56,2,0,4,86109,19900,19829,43969,0,0,20146,262039,0,100433,6124,8503,12516,15.6137875,4549,42682,31956,9455,15332,37163,0,26917,0,0,746,0,63.23860391,597921,,10270,18847,9778,20143,28.9,163224,281,204959,50232
WV,54,56,3,0,4,89403,19900,26257,35607,0,0,12138,220205,0,109685,3483,6212,7940,15.6137875,3971,36499,31956,8684,13639,20568,0,22250,0,0,520,0,68.8046983,597500,,5811,16648,10396,24059,28.9,81845,326,204959,44297
AZ,4,61,1,0,14,55623,37100,19338,31634,1,0,17597,344059,0,88225,4391,6846,26163,0.950022,42023,45265,16179743,210,20698,55969,0,38232,0,0,1165,0,2908.652381,610817,,106,17721,16587,16587,12.8,608573,0,444751,70977
AZ,4,61,2,0,14,59168,37100,41401,43448,1,0,18474,256524,0,127714,10985,10827,9345,0.950022,105585,43562,16179743,17710,20558,32097,0,22650,4,2,6031,0,34.45883682,622956,,1695,12177,10613,28046,12.8,492483,205,444751,51390
AZ,4,61,3,0,14,121774,37100,11427,31465,1,0,20630,258645,0,98987,6923,9962,17340,0.950022,31989,39813,16179743,41615,19520,27885,0,31663,0,0,4392,1,14.66836477,627132,,1393,10331,11209,15783,12.8,312305,136,444751,55599
AZ,4,61,4,0,14,69011,37100,11616,27664,1,0,19804,338605,0,85164,3381,6846,37134,0.950022,33618,39174,16179743,193,19954,38587,0,40563,0,0,900,0,3164.290155,610708,,0,12374,12306,15996,12.8,610279,429,444751,71852
AZ,4,61,5,0,14,91136,37100,18117,22475,1,0,14950,283981,0,87981,5105,13518,16793,0.950022,43034,54628,16179743,12691,21151,23902,0,32829,2,2,11398,0,48.15444015,611128,,1511,19959,8867,16945,12.8,406384,0,444751,62479
AZ,4,61,6,0,14,90123,37100,8406,34027,1,0,18730,245984,0,152205,7440,15349,14056,0.950022,23743,57220,16179743,41221,25450,29667,0,29273,1,1,1794,0,14.84401155,736104,,3076,16421,9531,30721,12.8,230199,0,444751,50829
CO,8,62,1,0,10,72485,34400,71001,32850,0,0,12581,290621,0,68344,2907,13000,23065,7.5561935,39061,44267,8853058,218,20223,27535,0,31355,0,0,4553,0,2518.591743,549053,,20,11044,15266,18228,18,548922,294,389134,56848
CO,8,62,2,0,10,42814,34400,3870,34218,0,0,16175,313860,0,86431,2705,10729,19318,7.5561935,24229,44330,8853058,1530,19502,49725,0,41332,0,0,562,0,358.7928105,548953,,2009,14099,14888,13476,18,475696,0,389134,67849
CO,8,62,3,0,14,69819,34400,3344,31718,0,0,20631,267934,0,96956,12116,8417,14496,0.950022,14086,46072,8853058,57043,23866,18816,0,28350,1,0,378,0,9.626422173,558118,,16365,13789,10106,16439,18,178232,96,389134,58912
CO,8,62,4,0,10,60272,34400,3738,36796,0,0,16384,277284,0,97722,16941,7735,13241,7.5561935,18689,45355,8853058,40285,21659,38761,0,31903,0,0,649,0,13.633263,549216,,25599,15961,11836,13510,18,228908,144,389134,55954
CO,8,62,5,0,12,39932,34400,30242,22235,0,0,13429,266620,0,92742,2918,14190,20586,2.533392,23409,38741,8853058,4231,18299,36651,0,38651,5,3,29314,0,129.8189553,549264,,1969,6252,9302,14868,18,433759,0,389134,52561
CO,8,62,6,0,10,43797,34400,19043,24458,0,0,16009,316400,0,85468,2066,17554,29137,7.5561935,23038,44677,8853058,419,19045,36126,0,43922,1,0,2932,0,1309.756563,548788,,96,8078,17019,11920,18,512369,0,389134,66183
ID,16,63,1,0,17,68348,10900,1316,36294,0,0,15351,238745,0,97314,15469,8483,11830,27.145999,13716,40672,11935700,39552,14439,38970,0,29226,0,0,904,0,12.7210002,525367,,19692,17750,8746,15263,16.1,102283,0,115382,49822
ID,16,63,2,0,17,56623,10900,2355,34284,0,0,14285,234028,0,109610,20297,10174,10855,27.145999,15553,39079,11935700,43198,15582,28168,0,29736,1,1,4609,0,11.65813232,508722,,26911,13323,9154,11719,16.1,176187,118,115382,49862
MT,30,64,1,0,10,112053,7900,2071,45880,0,0,21449,376940,0,155332,31105,19307,17885,7.5561935,14256,76364,9290782,145556,32315,28061,0,28044,1,1,4920,0,5.489742779,853999,,50967,24742,16922,26602,21.7,208743,153,103117,83971
NV,32,65,1,0,15,66213,18000,62843,31188,0,0,26623,324969,0,86634,3340,8011,18578,0.369453,63223,32405,48212744,230,16841,14208,0,34114,1,1,4460,0,2613.226087,601128,,0,7553,12668,20493,22.1,597438,0,173293,58625
NV,32,65,2,0,15,61523,18000,15536,37006,0,0,26554,322551,0,93846,6239,10428,18176,0.369453,41758,46766,48212744,109574,21947,22068,0,37251,2,1,5898,0,5.482970413,607931,,5061,14391,12493,15771,22.1,313803,124,173293,57993
NM,35,66,1,0,12,53252,12800,13320,24559,0,0,16312,254244,0,81651,2859,16837,16037,2.533392,26346,47538,13157802,4711,15517,23448,0,32051,1,1,5261,0,107.265761,509273,,725,15184,9240,15504,12.8,454074,449,175922,53961
NM,35,66,2,0,12,60738,12800,10732,28212,0,0,14774,208524,0,107280,9508,13767,8400,2.533392,40551,47829,13157802,67344,15203,16900,0,24588,2,1,5827,0,7.495352221,519175,,7219,18859,6728,18165,12.8,89468,0,175922,40603
NM,35,66,3,0,12,57052,12800,5962,27744,0,0,19121,221392,0,124412,6813,21679,10071,2.533392,14523,65416,13157802,49308,19295,15899,0,26681,1,1,3786,0,10.24119818,605421,,8572,24442,7881,23278,12.8,106131,0,175922,49023
UT,49,67,1,0,15,53832,15400,5213,34300,0,0,12149,251977,0,141232,6727,30368,10416,0.369453,14988,61351,23032993,34085,15441,42253,0,34232,4,1,5649,0,16.84626669,574835,,5202,15542,9110,12144,16.8,379428,0,143079,49829
UT,49,67,2,0,15,51575,15400,3570,31071,0,0,14050,278409,0,124463,2418,7282,21616,0.369453,25526,39817,23032993,458,12739,35186,0,36350,0,0,927,0,1254.174672,574412,,11,19796,13309,10698,16.8,572367,305,143079,63662
UT,49,67,3,0,14,46004,15400,2311,38122,0,0,14110,247062,0,150491,7427,7403,10168,0.950022,18293,39148,23032993,47624,15084,36333,0,29629,0,0,477,0,12.05763901,597278,,8156,16661,10236,15279,16.8,368036,0,143079,51887
WY,56,68,1,0,10,49310,5200,3305,30426,0,0,15454,220980,0,94508,12108,8806,9410,7.5561935,7846,47771,20740744,97104,22284,13532,0,32216,1,1,3874,0,4.671156698,475503,,17449,16681,10571,12881,15.6,114004,283,54454,45166
CA,6,71,1,0,16,73678,328500,22314,33931,0,1,18445,264821,0,95257,12236,12189,13149,99.3388745,46755,50128,21892142,10803,24414,34186,0,35909,1,1,7050,0,53.0287883,579590,,9013,13525,10173,16375,25.4,223333,0,2856770,54203
CA,6,71,2,0,16,89325,328500,8410,29098,0,0,19020,241522,0,94322,10952,7942,12645,99.3388745,25719,42759,21892142,28414,22524,24376,0,29646,1,1,3581,1,20.17406912,574542,,8452,12293,8040,18987,25.4,185449,0,2856770,48240
CA,6,71,3,0,16,62802,328500,18530,31865,1,0,19581,278111,0,94606,14602,13103,15796,99.3388745,58867,61282,21892142,7655,21144,23347,0,35293,1,1,4254,0,74.66296538,571714,,14034,27035,11269,17972,25.4,363204,0,2856770,55878
CA,6,71,4,0,16,68906,328500,9538,28055,0,0,28200,277140,0,91692,5144,10341,21264,99.3388745,29630,49018,21892142,10807,22112,25592,0,40604,0,0,1067,0,52.83862311,571340,,3828,16565,9167,13102,25.4,224927,0,2856770,56799
CA,6,71,5,0,16,65194,328500,73429,27190,1,0,16196,278768,0,88064,4031,12293,19625,99.3388745,73035,75317,21892142,150,21639,19927,0,35336,1,0,1566,0,3824.393333,573659,,12,41385,10249,17155,25.4,570923,0,2856770,52775
CA,6,71,6,0,16,74726,328500,13279,26062,0,1,23820,308961,0,71574,7335,6525,30886,99.3388745,61374,39133,21892142,1591,22620,30127,0,47395,0,0,2735,0,359.1200503,571449,,5232,9988,11098,11759,25.4,392810,0,2856770,61612
CA,6,71,7,0,16,58806,328500,95228,30372,0,0,20386,293836,0,87076,3918,18737,26877,99.3388745,93213,52991,21892142,348,23897,32973,1,43274,3,1,6141,0,1646.140805,572857,,0,10357,15332,16843,25.4,571018,0,2856770,56550
CA,6,71,8,0,16,78265,328500,73442,29165,1,0,13209,329403,0,53524,1578,12009,33060,99.3388745,193299,40174,21892142,34,18446,29558,0,36960,2,1,4601,0,16858.58824,573192,,0,9719,17742,20019,25.4,573192,0,2856770,65324
CA,6,71,9,0,16,68177,328500,182452,25888,1,0,12826,289473,0,71127,2860,14526,20613,99.3388745,110014,56840,21892142,72,23397,26175,0,36561,5,2,11002,0,7967.625,573669,,0,18917,14539,19809,25.4,573669,0,2856770,47100
CA,6,71,10,0,16,59873,328500,12917,22611,1,0,23391,313157,0,83853,3320,9931,33125,99.3388745,54331,39707,21892142,1023,19955,38405,0,60079,0,0,943,0,559.1192571,571979,,1065,9821,12133,10953,25.4,549252,61,2856770,63941
CA,6,71,11,0,16,61404,328500,32885,38168,1,0,18808,261968,0,103733,13403,10640,16348,99.3388745,86297,45234,21892142,1826,22157,31694,0,35700,4,1,3519,0,313.0613363,571650,,11843,12437,12088,19686,25.4,381903,0,2856770,50957
CA,6,71,12,0,16,79171,328500,22766,27843,1,1,16706,323495,0,62253,2698,11402,33312,99.3388745,170401,44353,21892142,107,23332,30255,0,51727,0,0,627,0,5342.682243,571667,,0,9619,25764,12532,25.4,571620,0,2856770,67610
CA,6,71,13,0,16,53092,328500,42060,42257,1,0,16973,314374,0,85737,2733,10178,19910,99.3388745,123353,36521,21892142,239,19389,72466,0,48651,0,0,1412,0,2394.698745,572333,,0,6954,19707,14691,25.4,571615,0,2856770,66127
CA,6,71,14,0,16,64756,328500,27980,21547,1,1,14208,332677,0,62660,4973,7933,19251,99.3388745,118353,28980,21892142,477,16870,85226,0,59492,2,2,4058,0,1197.186583,571058,,239,4177,9863,11251,25.4,562365,1371,2856770,55752
CA,6,71,15,0,16,54148,328500,12273,25931,1,1,18095,336280,0,73847,2743,5002,20560,99.3388745,85760,33943,21892142,452,22761,92775,0,57300,0,0,721,0,1266.283186,572360,,521,6180,9603,11866,25.4,549185,0,2856770,62424
CA,6,71,16,0,16,39768,328500,29545,44852,1,0,18222,298455,0,101394,6504,6343,11748,99.3388745,173544,32224,21892142,946,19238,88709,0,45688,0,0,695,0,604.0803383,571460,,1835,6643,10554,18597,25.4,516861,0,2856770,52640
CA,6,71,17,0,16,59816,328500,24991,30290,0,1,17003,274605,0,92546,25001,10283,14336,99.3388745,112377,42859,21892142,4886,22125,28436,0,37401,4,2,22315,0,116.8802702,571077,,5687,10451,7374,18759,25.4,424528,0,2856770,54779
CA,6,71,18,0,16,58580,328500,16007,39496,0,0,17354,250269,0,114012,20664,4815,11634,99.3388745,93086,33139,21892142,4138,21904,36926,0,31574,1,1,4592,0,138.0758821,571358,,23357,6420,8722,23697,25.4,295716,0,2856770,46733
CA,6,71,19,0,16,63916,328500,18724,29058,1,0,16125,267363,0,108281,13074,10333,18353,99.3388745,68795,49110,21892142,7642,27511,23483,0,33041,0,0,672,0,74.99044753,573343,,11598,11266,9812,17712,25.4,391289,168,2856770,53640
CA,6,71,20,0,16,49611,328500,36656,32447,1,0,9210,224242,0,133213,46770,5588,5005,99.3388745,145620,28902,21892142,6857,16336,18259,0,22472,1,1,4893,0,83.64518011,573874,,23187,6978,6876,33350,25.4,149984,0,2856770,35097
CA,6,71,21,0,16,61313,328500,22676,30894,0,0,17900,254789,0,107652,12493,12401,11708,99.3388745,50333,48947,21892142,8916,26525,21092,0,33174,2,1,3923,0,64.05820996,571946,,4436,10021,9679,17612,25.4,298113,0,2856770,51401
CA,6,71,22,0,16,74192,328500,15778,26631,0,1,20515,285521,0,78646,15529,6979,16836,99.3388745,76241,48077,21892142,6037,21201,30439,0,39631,1,1,4193,0,94.90740434,573273,,5085,19897,6957,13990,25.4,365081,0,2856770,56427
CA,6,71,23,0,16,54113,328500,14423,35195,0,1,22480,297601,0,95543,15986,13300,20981,99.3388745,101788,44203,21892142,1782,23007,46296,0,47019,2,0,5397,0,320.7418631,571562,,4194,7896,7910,13361,25.4,481126,0,2856770,55425
CA,6,71,24,0,16,63493,328500,11384,22166,1,1,19100,334603,0,65519,3448,4268,37636,99.3388745,128512,27168,21892142,303,17755,48276,0,57375,0,0,328,0,1888.735974,572287,42049893,344,5145,8463,13976,25.4,556006,0,2856770,65325
CA,6,71,25,0,16,43152,328500,25864,26610,1,0,22140,299582,0,86998,3167,8839,24747,99.3388745,88482,39505,21892142,2057,23696,53929,0,51207,0,0,851,0,278.6528926,573189,42049893,810,6970,9213,14237,25.4,506718,909,2856770,57774
CA,6,71,26,0,16,44779,328500,35106,56456,1,0,21870,302105,0,100425,5824,5046,19994,99.3388745,241108,24780,21892142,69,15159,64334,0,34273,0,0,303,0,8283.15942,571538,42049893,0,4575,9459,22638,25.4,571538,0,2856770,55426
CA,6,71,27,0,16,74115,328500,46921,25090,1,0,16397,306541,0,72034,3437,5473,32162,99.3388745,174543,34313,21892142,307,23208,39812,0,45016,0,0,276,0,1865.241042,572629,42049893,0,5632,8897,16222,25.4,571947,0,2856770,51699
CA,6,71,28,0,16,62595,328500,32621,30624,0,0,18321,299246,0,88576,2862,5366,26669,99.3388745,119777,39516,21892142,464,26146,48972,0,49369,0,0,480,0,1233.165948,572189,,0,8004,11386,13358,25.4,571426,0,2856770,59301
CA,6,71,29,0,16,91269,328500,19825,15678,1,1,10162,341150,0,37002,1839,3623,34065,99.3388745,175290,30645,21892142,117,14762,28757,0,55001,0,0,117,0,4883.641026,571386,42049893,0,12260,8247,18454,25.4,571386,0,2856770,59150
CA,6,71,30,0,16,45691,328500,19738,54562,1,0,16708,290735,0,107275,2953,3682,18649,99.3388745,335060,23983,21892142,37,15946,51839,0,24390,0,0,175,0,15475.78378,572604,42049893,0,4355,9454,27538,25.4,572604,0,2856770,59265
CA,6,71,31,0,16,51177,328500,9398,56388,1,0,15774,265665,0,111141,4359,4450,17294,99.3388745,259120,29764,21892142,75,19451,60181,0,31858,0,0,226,0,7636.773333,572758,42049893,0,5863,10569,20376,25.4,572735,0,2856770,56064
CA,6,71,32,0,16,65453,328500,231149,35975,1,0,12352,294698,0,84158,3825,7608,20605,99.3388745,172086,41969,21892142,47,24235,38521,0,31990,0,0,370,0,12183.61702,572630,42049893,0,10126,13321,24063,25.4,572630,0,2856770,49698
CA,6,71,33,0,16,36912,328500,24583,83517,1,0,13610,252675,0,133691,3015,2363,7444,99.3388745,319853,16688,21892142,47,11217,79142,0,22018,0,0,129,0,12146.65957,570893,42049893,0,3108,9108,29042,25.4,570893,0,2856770,49248
CA,6,71,34,0,16,50565,328500,11212,55415,0,0,15405,275183,0,108462,3167,4797,14915,99.3388745,178321,31127,21892142,90,20075,65259,0,38395,0,0,361,0,6371.733333,573456,,0,6255,13773,18726,25.4,573456,0,2856770,58985
CA,6,71,35,0,16,41810,328500,243818,51943,1,0,12268,262143,0,113832,3911,9235,12028,99.3388745,187141,36209,21892142,43,21579,58199,0,26853,0,0,610,0,13272.02326,570697,42049893,0,5395,17325,27854,25.4,570697,0,2856770,43269
CA,6,71,36,0,16,59434,328500,17844,23059,1,1,16237,341509,0,63242,2955,6245,27199,99.3388745,111465,33735,21892142,231,21829,71112,0,56567,1,1,2875,0,2483.398268,573665,42049893,0,5661,20054,13235,25.4,570181,0,2856770,63857
CA,6,71,37,0,16,39735,328500,193266,55304,1,0,12095,242189,0,126281,4009,8432,8518,99.3388745,185755,33213,21892142,72,19723,61608,0,28583,0,0,1789,0,7947.097222,572191,89608982,0,5058,14565,26170,25.4,572191,0,2856770,40351
CA,6,71,38,0,16,67287,328500,44223,37370,1,1,16108,293538,0,78840,2206,8143,18702,99.3388745,123317,37972,21892142,74,22143,59548,0,39810,3,1,9617,0,7738.864865,572676,89608982,0,7686,15246,16122,25.4,572676,716,2856770,60868
CA,6,71,39,0,16,53299,328500,14549,37124,1,1,18691,317414,0,88030,3391,5397,23231,99.3388745,125308,34880,21892142,104,21387,68491,0,50777,0,0,1140,0,5518.663462,573941,47559089,0,8096,12176,13964,25.4,573918,0,2856770,68732
CA,6,71,40,0,16,67885,328500,31340,28998,0,0,23995,239718,0,99618,4110,13986,12774,99.3388745,48787,45425,21892142,29912,23413,20245,0,34048,5,3,19072,0,19.18758358,577783,,844,8026,11306,17250,25.4,350412,279,2856770,48370
CA,6,71,41,0,16,33439,328500,38988,39317,0,0,20270,292909,0,106645,5338,5017,21418,99.3388745,125681,35005,21892142,229,21354,58578,0,48401,0,0,507,0,2500.126638,572529,,1193,8634,11661,15306,25.4,565887,0,2856770,61101
CA,6,71,42,0,16,41113,328500,63399,41791,0,0,22582,263898,0,114113,3683,6700,13482,99.3388745,86781,40215,21892142,209,24598,42073,0,36818,0,0,1802,0,2734.904306,571595,,151,8917,13826,20618,25.4,568991,0,2856770,54331
CA,6,71,43,0,16,48162,328500,33605,39617,0,0,27863,270568,0,102373,5971,5768,16146,99.3388745,79712,37139,21892142,747,22698,48296,0,41812,1,1,3851,0,764.5113788,571090,,2019,8673,9843,16411,25.4,439932,0,2856770,52444
CA,6,71,44,0,16,111931,328500,29883,28369,0,0,24157,240511,0,97891,14745,5641,16193,99.3388745,95784,29600,21892142,6359,17650,22023,0,33293,0,0,2098,0,89.92656078,595896,,2322,6309,8140,16998,25.4,413244,0,2856770,51647
CA,6,71,45,0,16,57621,328500,7080,31509,0,1,21749,338389,0,72865,3533,5348,29384,99.3388745,109676,33376,21892142,91,19922,67397,0,51028,1,0,1316,0,6274.626374,570991,,0,8106,12779,13948,25.4,570991,0,2856770,71968
CA,6,71,46,0,16,38992,328500,14177,62887,0,0,20838,298519,0,105537,9064,4917,15434,99.3388745,244228,23615,21892142,62,14019,77544,0,36344,0,0,2973,0,9209.080645,570963,,0,4679,9107,21492,25.4,570963,0,2856770,57937
CA,6,71,47,0,16,61461,328500,10395,22555,0,1,18986,323619,0,75829,2494,5386,36582,99.3388745,101166,34958,21892142,304,19771,55389,0,59936,2,2,6000,0,1880.279605,571605,,46,9801,9652,10812,25.4,568981,0,2856770,65545
CA,6,71,48,0,16,60108,328500,23062,24946,0,1,24644,280497,0,82027,9119,10038,25336,99.3388745,81397,32631,21892142,1517,16441,39238,0,46683,2,1,30948,1,377.8582729,577452,,6333,6152,8014,12436,25.4,485425,308,2856770,58041
CA,6,71,49,0,16,71244,328500,30024,19415,1,0,15252,300179,0,52060,3465,16055,26234,99.3388745,80319,48556,21892142,118,19927,33304,0,40466,13,4,45191,0,4859.635593,573437,,0,12574,9186,14314,25.4,573437,0,2856770,62206
CA,6,71,50,0,16,48002,328500,82718,31680,1,0,15523,246477,0,114295,4558,21665,13178,99.3388745,172685,47215,21892142,135,18085,34099,0,30213,1,1,20178,0,4246.251852,573244,,55,7465,8563,19639,25.4,568366,0,2856770,51502
CA,6,71,51,0,16,65052,328500,9333,24025,1,0,23248,306434,0,83068,6348,11479,28263,99.3388745,89717,36608,21892142,495,16964,45790,0,50405,0,0,8995,0,1157.272727,572850,,1425,8165,8320,13278,25.4,553964,0,2856770,61953
CA,6,71,52,0,16,62892,328500,17517,28650,1,0,24815,275286,0,99575,8328,12333,17774,99.3388745,71362,45553,21892142,6434,23664,29372,0,37396,2,1,7557,0,89.11330432,576852,,1716,9556,8835,17812,25.4,397759,0,2856770,58033
OR,41,72,1,0,17,66356,27400,4321,34080,1,1,15432,306224,0,83759,8141,7222,22985,27.145999,36833,35740,15921659,2958,18689,56480,0,40587,0,0,717,0,192.1910074,568550,24925160,9696,9829,10751,11480,27.5,396355,0,427192,64257
OR,41,72,2,0,17,112995,27400,2111,55732,0,0,17657,262274,0,119014,23217,11789,14007,27.145999,25789,49264,15921659,70595,25015,51575,0,28187,1,0,615,0,8.052085842,719112,,25337,12460,11910,23638,27.5,125745,0,427192,73344
OR,41,72,3,0,17,76237,27400,33589,45657,1,0,15647,295378,0,80031,4247,8170,18989,27.145999,37445,33264,15921659,814,17412,45417,0,32627,0,0,654,0,698.1277641,568276,24925160,2280,7682,16373,14749,27.5,531362,443,427192,67473
OR,41,72,4,0,17,126931,27400,4397,67426,0,1,20053,266853,0,133849,18732,9854,16950,27.145999,25720,62422,15921659,16080,32527,73103,0,29057,0,0,680,0,35.34794776,868103,,17557,20041,14604,25983,27.5,340137,196,427192,85864
OR,41,72,5,0,17,76723,27400,3349,36314,0,1,15425,276414,0,90557,13471,6034,15058,27.145999,29039,51159,15921659,5553,20151,39493,0,33675,0,0,886,0,102.415271,568712,,18145,24974,9223,13367,27.5,235996,0,427192,58086
WA,53,73,1,0,17,51735,41400,6808,26623,1,1,20790,297349,0,81943,3803,12883,27091,27.145999,40932,40336,2173187,374,14430,48320,0,45857,3,1,4607,0,1444.692513,545704,,843,13023,12068,9556,32.9,476919,0,628943,63398
WA,53,73,2,0,17,68500,41400,4774,37596,0,1,22149,260820,0,88289,9642,7419,14138,27.145999,29379,36669,2173187,6223,15735,53238,0,36132,1,1,7860,0,86.91322513,554507,,9172,13515,10168,11808,32.9,207887,0,628943,56342
WA,53,73,3,0,17,68990,41400,4661,41927,0,1,15931,257075,0,93289,8914,7051,11912,27.145999,19290,44925,2173187,8427,15404,47893,0,33913,0,0,1493,0,64.15782604,541291,,6841,22470,11952,14812,32.9,293169,0,628943,49889
WA,53,73,4,0,17,70818,41400,5170,38351,0,0,12130,252252,0,108860,30861,10872,8126,27.145999,51561,44405,2173187,23704,17325,28221,0,29700,0,0,492,1,22.81053831,573631,,27267,16208,10441,20610,32.9,204165,0,628943,53032
WA,53,73,5,0,17,72635,41400,6464,30671,0,0,11571,249711,0,88860,10175,8293,13271,27.145999,20782,44595,2173187,17676,14505,28600,0,31003,1,1,4418,0,30.59883458,543958,,12210,21797,9011,16413,32.9,278939,231,628943,54214
WA,53,73,6,0,17,77374,41400,28925,32059,0,1,14508,240079,0,84014,6266,23972,12828,27.145999,28083,54974,2173187,6250,17494,37112,0,32939,0,0,12328,0,86.53376,546408,,1972,13508,9525,15222,32.9,327444,0,628943,49421
WA,53,73,7,0,17,79594,41400,53608,29833,1,1,12717,312107,0,45075,3382,8285,24612,27.145999,69035,48139,2173187,126,17573,41395,0,39547,1,1,1489,0,4295.253968,541202,,84,22281,14904,13657,32.9,532962,379,628943,60552
WA,53,73,8,0,17,43283,41400,8247,33255,0,0,19468,292610,0,92350,4102,6978,20232,27.145999,32715,31746,2173187,2936,14464,66693,0,47389,0,0,1074,0,184.1740463,544571,,2506,10304,15802,9735,32.9,406349,0,628943,60076
WA,53,73,9,0,17,52223,41400,31176,38464,1,1,17633,271174,0,90576,4319,12764,15209,27.145999,39541,41484,2173187,862,14377,56071,0,36543,1,1,20135,0,627.0522042,571966,,1757,14343,18902,13929,32.9,522337,203,628943,61926
AK,2,81,1,0,18,25898,5000,22566,31560,0,1,17950,268966,0,115529,7959,25700,11613,0.0967615,27385,84927,164750000,570373,29980,17455,0,46581,11,7,24991,0,0.964356658,629099,87047049,1292,29247,20903,26234,30.4,222119,0,69895,50986
HI,15,82,1,0,19,69204,22300,13463,23939,1,1,17486,284477,0,65811,2809,24219,23983,2.0495845,100413,59621,245343,181,7510,16960,0,46389,7,5,28258,0,3061.734807,554174,,0,27892,19585,7745,31.5,552983,0,112011,66412
HI,15,82,2,0,19,55473,22300,13206,29215,0,1,24585,263870,0,91291,12519,14799,15523,2.0495845,62291,48156,245343,6241,9122,15388,0,40385,5,3,25743,0,88.77663836,554055,,6277,24235,14207,9758,31.5,194045,0,112011,55215
